<?xml version="1.0" encoding="utf-8"?>
<window id="1114" type="window">
	<defaultcontrol always="true">50</defaultcontrol>
	<menucontrol>9050</menucontrol>
	<controls>
		<!-- Background -->
		<include content="BackgroundDefault">
			<param name="imagepath">$VAR[AddonBackgroundVar]</param>
			<param name="animatedfanart">Skin.HasSetting(AddonAnimatedFanart)</param>
		</include>
		<!-- Floor -->
		<include content="Floor">
			<param name="visible">Skin.HasSetting(ViewCustom1114HideFloor)</param>
			<param name="highlight">FloorHighlightRight</param>
		</include>
		<!-- Left menu -->
		<control type="group">
			<animation type="WindowOpen" reversible="false">
				<effect type="fade" start="0" end="100" delay="200" time="300"/>
				<effect type="slide" start="420" delay="200" end="0" time="400" tween="cubic" easing="out"/>
			</animation>
			<animation type="WindowClose" reversible="false">
				<effect type="fade" start="100" end="0" time="300"/>
				<effect type="slide" start="0" end="1850" time="300" tween="cubic" easing="out"/>
			</animation>
			<include content="PanelSideBlade">
				<param name="width">418</param>
				<param name="flipx">true</param>
				<param name="diffusetexture">diffuse/siderounded20-398x820.png</param>
				<param name="reflect">!Skin.HasSetting(ViewCustom1114HideReflect)</param>
			</include>
			<control type="panel" id="50">
				<top>170</top>
				<left>100</left>
				<width>398</width>
				<height>792</height>
				<onleft>9050</onleft>
				<onright>51</onright>
				<itemlayout height="75">
					<control type="image">
						<texture border="30" colordiffuse="$VAR[PanelListSeparatorColorVar]">buttons/list-select-nofocus.png</texture>
					</control>
					<control type="label">
						<textoffsetx>45</textoffsetx>
						<label>$INFO[ListItem.Label]</label>
						<textcolor>$VAR[PanelSubTextColorVar]</textcolor>
					</control>
				</itemlayout>
				<focusedlayout height="75">
					<control type="image">
						<texture border="10" colordiffuse="$VAR[PanelHighlightColorVar]">buttons/list-select-focus.png</texture>
					</control>
					<control type="label">
						<textoffsetx>45</textoffsetx>
						<label>$INFO[ListItem.Label]</label>
						<textcolor>$VAR[PanelFocusTextColorVar]</textcolor>
					</control>
				</focusedlayout>
				<content>
					<item id="1">
						<label>$LOCALIZE[1037]</label>
						<property name="AppsTarget">videos</property>
						<property name="AppsContent">addons://sources/video/</property>
						<property name="AppsSortBy">lastused</property>
						<onclick>ActivateWindow(Videos,Addons,return)</onclick>
					</item>
					<item id="2">
						<label>$LOCALIZE[1038]</label>
						<property name="AppsTarget">music</property>
						<property name="AppsContent">addons://sources/audio/</property>
						<property name="AppsSortBy">lastused</property>
						<onclick>ActivateWindow(Music,Addons,return)</onclick>
					</item>
					<item id="3">
						<label>$LOCALIZE[1039]</label>
						<property name="AppsTarget">pictures</property>
						<property name="AppsContent">addons://sources/image/</property>
						<property name="AppsSortBy">lastused</property>
						<onclick>ActivateWindow(Pictures,Addons,return)</onclick>
					</item>
					<item id="4">
						<label>$LOCALIZE[1043]</label>
						<property name="AppsTarget">programs</property>
						<property name="AppsContent">addons://sources/executable/</property>
						<property name="AppsSortBy">lastused</property>
						<onclick>ActivateWindow(Programs,Addons,return)</onclick>
					</item>
					<item id="5">
						<label>$LOCALIZE[20244]</label>
						<property name="AppsTarget">programs</property>
						<property name="AppsContent">androidapp://sources/apps/</property>
						<property name="AppsSortBy">lastused</property>
						<onclick>ActivateWindow(Programs,return)</onclick>
						<visible>System.Platform.Android</visible>
					</item>
					<item id="6">
						<label>$LOCALIZE[10040]</label>
						<property name="AppsTarget"/>
						<property name="AppsContent">addons://user/all/</property>
						<property name="AppsSortBy">lastused</property>
						<onclick>ActivateWindow(AddonBrowser,return)</onclick>
					</item>
					<item id="7">
						<label>$LOCALIZE[24004]</label>
						<property name="AppsTarget"/>
						<property name="AppsContent">addons://recently_updated/</property>
						<property name="AppsSortBy">lastupdated</property>
						<onclick>ActivateWindow(AddonBrowser,return)</onclick>
					</item>
					<item id="8">
						<label>$LOCALIZE[1036]</label>
						<property name="AppsTarget"/>
						<property name="AppsContent">favourites://</property>
						<property name="AppsSortBy"/>
						<onclick>ActivateWindow(favouritesbrowser)</onclick>
					</item>
				</content>
			</control>
		</control>
		<!-- Right menu -->
		<control type="group">
			<include>AnimationSlideRightWindow</include>
			<include content="PanelDefault">
				<param name="left">478</param>
				<param name="lefttexture">498</param>
				<param name="diffusetexture">diffuse/rounded20-1322x880.png</param>
				<param name="reflect">!Skin.HasSetting(ViewCustom1114HideReflect)</param>
			</include>
			<control type="panel" id="51">
				<top>141</top>
				<left>498</left>
				<width>1322</width>
				<height>800</height>
				<onleft>50</onleft>
				<onright>60</onright>
				<pagecontrol>60</pagecontrol>
				<include>ContainerScrollTime</include>
				<include content="ViewBigListLayout">
					<param name="visible">true</param>
					<param name="id">51</param>
					<param name="iconvisible">true</param>
					<param name="icon">$INFO[ListItem.Icon]</param>
					<param name="iconaspect">keep</param>
					<param name="label">$INFO[ListItem.Label]</param>
					<param name="sublabelvisible">!String.IsEmpty(ListItem.AddonSummary)</param>
					<param name="sublabel">$INFO[ListItem.AddonSummary]</param>
					<param name="rightlabelvisible">true</param>
					<param name="rightlabel">$INFO[ListItem.AddonVersion,v]</param>
					<param name="biglistvisible">true</param>
				</include>
				<content target="$INFO[Container(50).ListItem.Property(AppsTarget)]" sortby="$INFO[Container(50).ListItem.Property(AppsSortBy)]" sortorder="descending">$INFO[Container(50).ListItem.Property(AppsContent)]</content>
			</control>
			<control type="scrollbar" id="60">
				<top>144</top>
				<right>80</right>
				<bottom>144</bottom>
				<onleft>51</onleft>
			</control>
		</control>
		<!-- Topbar -->
		<include content="TopBar">
			<param name="visible">!Skin.HasSetting(AddonsHideTopBar)</param>
			<param name="icon">addons.png</param>
			<param name="label">$LOCALIZE[24001]</param>
		</include>
		<!-- Media Menu -->
		<include content="MediaMenu">
			<param name="contentvisible">true</param>
			<param name="commontopvisible">false</param>
			<param name="content">MediaMenuAddons</param>
			<param name="navigationid">50</param>
		</include>
	</controls>
</window>