<?xml version="1.0" encoding="utf-8"?>
<window id="1111" type="dialog">
	<defaultcontrol always="true">100</defaultcontrol>
	<include>AnimationDialogPopupWindow</include>
	<onunload>ClearProperty(CustomSelectGroup,home)</onunload>
	<controls>
		<control type="group">
			<visible>![Window.IsActive(DialogSelect.xml) | Window.IsActive(DialogSettings.xml) | Window.IsActive(1110) | Window.IsActive(addonsettings) | Window.IsActive(sliderdialog)]</visible>
			<include>AnimationDialogPopupVisible</include>
			<include content="DialogBackground">
				<param name="width" value="1220"/>
				<param name="height" value="760"/>
				<param name="label" value="$INFO[Window(home).Property(CustomSelectGroup)]"/>
			</include>
			<control type="grouplist" id="100">
				<left>20</left>
				<top>90</top>
				<width>858</width>
				<height>600</height>
				<onleft>60</onleft>
				<onright>8000</onright>
				<pagecontrol>60</pagecontrol>
				<include>ContainerScrollTime</include>
				<!-- Enable/Disable views -->
				<include condition="String.IsEqual(Window(home).Property(CustomSelectGroup),$LOCALIZE[31270])">DisableViewsSettings</include>
				<!-- Watched status -->
				<include condition="String.IsEqual(Window(home).Property(CustomSelectGroup),$LOCALIZE[31363])">WatchedStatusSettings</include>
				<include condition="String.IsEqual(Window(home).Property(CustomSelectGroup),$LOCALIZE[31365])">WidgetWatchedStatusSettings</include>
				<!-- Kiosk mode -->
				<include condition="String.IsEqual(Window(home).Property(CustomSelectGroup),$LOCALIZE[31098])">KioskModeSettings</include>
				<!-- Top bar -->
				<include condition="String.IsEqual(Window(home).Property(CustomSelectGroup),$LOCALIZE[31042])">TopbarSettings</include>
				<!-- Media flags -->
				<include condition="String.IsEqual(Window(home).Property(CustomSelectGroup),$LOCALIZE[31234])">MediaFlagSettings</include>
				<!-- MusicOSD -->
				<include condition="String.IsEqual(Window(home).Property(CustomSelectGroup),$LOCALIZE[31337])">MusicOSDInfoSettings</include>
				<!-- VideoOSD -->
				<include condition="String.IsEqual(Window(home).Property(CustomSelectGroup),$LOCALIZE[13395])">VideoOSDSettings</include>
				<include condition="String.IsEqual(Window(home).Property(CustomSelectGroup),$LOCALIZE[31338])">VideoOSDInfoSettings</include>
				<!-- Video/Music info -->
				<include condition="String.IsEqual(Window(home).Property(CustomSelectGroup),$LOCALIZE[31330])">VideoInfoDialogSettings</include>
				<include condition="String.IsEqual(Window(home).Property(CustomSelectGroup),$LOCALIZE[31350])">MusicInfoDialogSettings</include>
				<!-- Backgrounds -->
				<include condition="String.IsEqual(Window(home).Property(CustomSelectGroup),$LOCALIZE[3] $LOCALIZE[31107])">SelectVideoBackground</include>
				<include condition="String.IsEqual(Window(home).Property(CustomSelectGroup),$LOCALIZE[2] $LOCALIZE[31107])">SelectMusicBackground</include>
				<include condition="String.IsEqual(Window(home).Property(CustomSelectGroup),$LOCALIZE[24001] $LOCALIZE[31107])">SelectAddonBackground</include>
				<include condition="String.IsEqual(Window(home).Property(CustomSelectGroup),$LOCALIZE[1036] $LOCALIZE[31107])">SelectFavouritesBackground</include>
				<include condition="String.IsEqual(Window(home).Property(CustomSelectGroup),$LOCALIZE[14204] $LOCALIZE[31107])">SelectPVRBackground</include>
				<include condition="String.IsEqual(Window(home).Property(CustomSelectGroup),$LOCALIZE[15016] $LOCALIZE[31107])">SelectGamesBackground</include>
				<include condition="String.IsEqual(Window(home).Property(CustomSelectGroup),$LOCALIZE[1] $LOCALIZE[31107])">SelectPicturesBackground</include>
				<include condition="String.IsEqual(Window(home).Property(CustomSelectGroup),$LOCALIZE[8] $LOCALIZE[31107])">SelectWeatherBackground</include>
				<include condition="String.IsEqual(Window(home).Property(CustomSelectGroup),$LOCALIZE[13000] $LOCALIZE[31107])">SelectSystemBackground</include>
				<include condition="String.IsEqual(Window(home).Property(CustomSelectGroup),$LOCALIZE[31002])">SelectNowPlayingBackground</include>
				<include condition="String.IsEqual(Window(home).Property(CustomSelectGroup),$LOCALIZE[137] $LOCALIZE[31107])">SelectSearchBackground</include>				
			</control>
			<control type="image">
				<left>952</left>
				<top>14</top>
				<width>161.5</width>
				<height>86</height>
				<aspectratio>keep</aspectratio>
				<texture>icons/logo.png</texture>
			</control>
			<control type="image">
				<right>338</right>
				<include>DialogVerticalSeparator</include>
			</control>
			<control type="grouplist" id="8000">
				<right>50</right>
				<top>100</top>
				<width>281</width>
				<onleft>100</onleft>
				<include content="DialogButtonAction">
					<param name="id">8001</param>
					<param name="label" value="$LOCALIZE[15067]"/>
					<param name="onclick" value="Action(close)"/>
				</include>
			</control>
			<control type="image">
				<include>DialogHorizontalSeparator</include>
			</control>
			<control type="label">
				<visible>ControlGroup(100).HasFocus</visible>
				<include>DialogItemCountLabel</include>
				<label>$INFO[Container(100).CurrentItem,$LOCALIZE[31001] ]$INFO[Container(100).NumItems,/]</label>
			</control>
			<control type="label">
				<visible>!ControlGroup(100).HasFocus</visible>
				<include>DialogItemCountLabel</include>
				<label>$INFO[Container(100).NumItems,$LOCALIZE[31001] 1/]</label>
			</control>
			<control type="scrollbar" id="60">
				<onright>100</onright>
				<include>DialogScrollBar</include>
			</control>
		</control>
	</controls>
</window>