<?xml version="1.0" encoding="utf-8"?>
<window id="1117" type="window">
	<onload condition="String.IsEqual(Window(home).Property(ActiveWindow),videos)">ReplaceWindow(videos,$ESCINFO[Window(home).Property(ContainerPath)],return)</onload>
	<onload condition="String.IsEqual(Window(home).Property(ActiveWindow),music)">ReplaceWindow(music,$ESCINFO[Window(home).Property(ContainerPath)],return)</onload>
	<onload condition="String.IsEqual(Window(home).Property(ActiveWindow),videoplaylist)">ReplaceWindow(videoplaylist)</onload>
	<onload condition="String.IsEqual(Window(home).Property(ActiveWindow),musicplaylist)">ReplaceWindow(musicplaylist)</onload>
	<onload condition="String.IsEqual(Window(home).Property(ActiveWindow),addonbrowser)">ReplaceWindow(addonbrowser)</onload>
	<onload condition="String.IsEqual(Window(home).Property(ActiveWindow),programs)">ReplaceWindow(programs)</onload>
	<onload condition="String.IsEqual(Window(home).Property(ActiveWindow),tvguide)">ReplaceWindow(tvguide)</onload>
	<onunload>ClearProperty(ContainerPath,Home)</onunload>
	<onunload>ClearProperty(ReplaceWindow,Home)</onunload>
	<controls/>
</window>