<?xml version="1.0" encoding="utf-8"?>
<window>
	<defaultcontrol always="true">50</defaultcontrol>
	<views>50,51,53,54,55,57,58,501,502,503,505,507,509,511,512,521,522,523,524,531,532,533,541,542,543</views>
	<menucontrol>9050</menucontrol>
	<controls>
		<!-- Backdrop -->
		<include content="BackgroundDefault">
			<param name="imagepath">$VAR[MusicBackgroundVar]</param>
			<param name="animatedfanart">Skin.HasSetting(MusicAnimatedFanart)</param>
		</include>
		<!-- Music album cover background -->
		<control type="list" id="7001">
			<visible>Skin.HasSetting(MusicAlbumCover) + String.IsEqual(ListItem.DBTYPE,artist)</visible>
			<include>HiddenList</include>
			<content limit="10" sortby="year">$INFO[ListItem.FolderPath]</content>
		</control>
		<!-- Genre cover background / Subfolder fanart / Item counts -->
		<control type="list" id="7002">
			<visible>String.StartsWith(ListItem.FolderPath,musicdb)</visible>
			<include>HiddenList</include>
			<content>$VAR[MusicFolderPathVar]</content>
		</control>
		<!-- Subfolder fanart -->
		<control type="fadelabel" id="7003">
			<visible>!ListItem.IsParentFolder + [Container.Content(genres) | Container.Content(years)]</visible>
			<top>-1000</top>
			<width>1</width>
			<height>1</height>
			<scroll>false</scroll>
			<randomize>true</randomize>
			<scrollout>false</scrollout>
			<include>FadeLabelTime</include>
			<resetonlabelchange>true</resetonlabelchange>
			<label>$INFO[Container(7002).ListItem(0).Art(fanart)]</label>
			<label>$INFO[Container(7002).ListItem(1).Art(fanart)]</label>
			<label>$INFO[Container(7002).ListItem(2).Art(fanart)]</label>
			<label>$INFO[Container(7002).ListItem(3).Art(fanart)]</label>
			<label>$INFO[Container(7002).ListItem(4).Art(fanart)]</label>
			<label>$INFO[Container(7002).ListItem(5).Art(fanart)]</label>
			<label>$INFO[Container(7002).ListItem(6).Art(fanart)]</label>
			<label>$INFO[Container(7002).ListItem(7).Art(fanart)]</label>
			<label>$INFO[Container(7002).ListItem(8).Art(fanart)]</label>
			<label>$INFO[Container(7002).ListItem(9).Art(fanart)]</label>
		</control>
		<!-- Extra fanart -->
		<control type="fadelabel" id="7004">
			<visible>!Skin.HasSetting(DisableMusicExtraFanart)</visible>
			<top>-1000</top>
			<width>1</width>
			<height>1</height>
			<scroll>false</scroll>
			<randomize>true</randomize>
			<scrollout>false</scrollout>
			<include>FadeLabelTime</include>
			<resetonlabelchange>true</resetonlabelchange>
			<label>$INFO[ListItem.Art(fanart)]</label>
			<label>$INFO[ListItem.Art(fanart1)]</label>
			<label>$INFO[ListItem.Art(fanart2)]</label>
			<label>$INFO[ListItem.Art(fanart3)]</label>
			<label>$INFO[ListItem.Art(fanart4)]</label>
			<label>$INFO[ListItem.Art(fanart5)]</label>
			<label>$INFO[ListItem.Art(fanart6)]</label>
			<label>$INFO[ListItem.Art(fanart7)]</label>
			<label>$INFO[ListItem.Art(fanart8)]</label>
			<label>$INFO[ListItem.Art(fanart9)]</label>
			<label>$INFO[ListItem.Art(fanart10)]</label>
			<label>$INFO[ListItem.Art(artist.fanart1)]</label>
			<label>$INFO[ListItem.Art(artist.fanart2)]</label>
			<label>$INFO[ListItem.Art(artist.fanart3)]</label>
			<label>$INFO[ListItem.Art(artist.fanart4)]</label>
			<label>$INFO[ListItem.Art(artist.fanart5)]</label>
			<label>$INFO[ListItem.Art(artist.fanart6)]</label>
			<label>$INFO[ListItem.Art(artist.fanart7)]</label>
			<label>$INFO[ListItem.Art(artist.fanart8)]</label>
			<label>$INFO[ListItem.Art(artist.fanart9)]</label>
			<label>$INFO[ListItem.Art(artist.fanart10)]</label>
			<label>$INFO[ListItem.Art(albumartist.fanart1)]</label>
			<label>$INFO[ListItem.Art(albumartist.fanart2)]</label>
			<label>$INFO[ListItem.Art(albumartist.fanart3)]</label>
			<label>$INFO[ListItem.Art(albumartist.fanart4)]</label>
			<label>$INFO[ListItem.Art(albumartist.fanart5)]</label>
			<label>$INFO[ListItem.Art(albumartist.fanart6)]</label>
			<label>$INFO[ListItem.Art(albumartist.fanart7)]</label>
			<label>$INFO[ListItem.Art(albumartist.fanart8)]</label>
			<label>$INFO[ListItem.Art(albumartist.fanart9)]</label>
			<label>$INFO[ListItem.Art(albumartist.fanart10)]</label>
		</control>
		<control type="group">
			<visible>!Window.IsActive(musicinformation) + !Window.IsActive(songinformation)</visible>
			<include>AnimationVisibleFade</include>
			<!-- List -->
			<include>View50CoverList</include>
			<include>View51SimpleList</include>
			<include condition="!Skin.HasSetting(DisableViewInfo1)">View53InfoList1</include>
			<include condition="!Skin.HasSetting(DisableViewInfo2)">View54InfoList2</include>
			<include condition="!Skin.HasSetting(DisableViewLow)">View55LowList</include>
			<include condition="!Skin.HasSetting(DisableView3PanelSquare)">View573PanelSquare</include>
			<include condition="!Skin.HasSetting(DisableViewRightList)">View58RightList</include>
			<!-- Cover flow -->
			<include condition="!Skin.HasSetting(DisableViewSquare)">View501Square</include>
			<include condition="!Skin.HasSetting(DisableViewBanner)">View502Banner</include>
			<include condition="!Skin.HasSetting(DisableViewLandscape)">View503Landscape</include>
			<include condition="!Skin.HasSetting(DisableViewFocusSquare)">View505FocusSquare</include>
			<include condition="!Skin.HasSetting(DisableViewCascadeSquare)">View507CascadeSquare</include>
			<include condition="!Skin.HasSetting(DisableViewShowCaseSquare)">View509ShowcaseSquare</include>
			<include condition="!Skin.HasSetting(DisableViewKodiflixSquare)">View511KodiFlixSquare</include>
			<include condition="!Skin.HasSetting(DisableViewKodiflixLandscape)">View512KodiFlixLandscape</include>
			<!-- Icon -->
			<include condition="!Skin.HasSetting(DisableViewSquareIcon)">View521SquareIcon</include>
			<include condition="!Skin.HasSetting(DisableViewBannerIcon)">View522BannerIcon</include>
			<include condition="!Skin.HasSetting(DisableViewLandscapeIcon)">View523LandscapeIcon</include>
			<include condition="!Skin.HasSetting(DisableViewSquareIcon)">View524SquareIconAlbums</include>
			<!-- Icon info-->
			<include condition="!Skin.HasSetting(DisableViewSquareIconInfo)">View531SquareIconInfo</include>
			<include condition="!Skin.HasSetting(DisableViewBannerIconInfo)">View532BannerIconInfo</include>
			<include condition="!Skin.HasSetting(DisableViewLandscapeIconInfo)">View533LandscapeIconInfo</include>
			<!-- Wall -->
			<include condition="!Skin.HasSetting(DisableViewSquareWall)">View541SquareWall</include>
			<include condition="!Skin.HasSetting(DisableViewBannerWall)">View542BannerWall</include>
			<include condition="!Skin.HasSetting(DisableViewLandscapeWall)">View543LandscapeWall</include>
			<!-- Studio Logo check if image exists -->
			<control type="image" id="811112">
				<include>HiddenObject</include>
				<!-- <texture fallback="none">$INFO[ListItem.Property(Album_Label),resource://resource.images.recordlabels.white/,.png]</texture> -->
				<texture fallback="DefaultMusicAlbums.png">$INFO[ListItem.Property(Album_Label),resource://resource.images.recordlabels.white/,.png]</texture>
			</control>
			<!-- Topbar -->
			<include content="TopBar">
				<param name="visible">!Skin.HasSetting(MusicHideTopBar)</param>
				<param name="icon">music.png</param>
				<param name="label">$LOCALIZE[2]</param>
			</include>
		</control>
		<!-- Jump to Letter -->
		<include>JumptoLetter</include>
		<!-- Media Menu -->
		<include content="MediaMenu">
			<param name="contentvisible">true</param>
			<param name="commontopvisible">true</param>
			<param name="content">MediaMenuMusic</param>
			<param name="navigationid">50</param>
		</include>
	</controls>
</window>