<?xml version="1.0" encoding="UTF-8" standalone="yes"?>
<addon id="repository.kittmaster" name="Kittmaster's Repo" version="1.0.09" provider-name="kittmaster">
    <extension point="xbmc.addon.repository" name="KittmasterRepo">
		<dir minversion="20.0.0" maxversion="20.9.9">
            <info compressed="false">https://raw.githubusercontent.com/kittmaster/MadnoxTestDeployRepo/master/nexus/zips/addons.xml</info>
            <checksum>https://raw.githubusercontent.com/kittmaster/MadnoxTestDeployRepo/master/nexus/zips/addons.xml.md5</checksum>
            <datadir zip="true">https://raw.githubusercontent.com/kittmaster/MadnoxTestDeployRepo/master/nexus/zips/</datadir>
        </dir>
        <dir minversion="21.0.0" maxversion="21.9.9">
            <info compressed="false">https://raw.githubusercontent.com/kittmaster/MadnoxTestDeployRepo/master/omega/zips/addons.xml</info>
            <checksum>https://raw.githubusercontent.com/kittmaster/MadnoxTestDeployRepo/master/omega/zips/addons.xml.md5</checksum>
            <datadir zip="true">https://raw.githubusercontent.com/kittmaster/MadnoxTestDeployRepo/master/omega/zips/</datadir>
        </dir>		
    </extension>
    <extension point="xbmc.addon.metadata">
		<summary>Kittmaster's Repository for Madnox v3 2024+</summary>
		<description>Kittmaster's Repository was built for sustained support for the Madnox skin v3. It will contain the skin and additional support files ensuring continued support as Kodi continues to evolve.</description>
        <disclaimer>The skin is a derivative retooled version of an official Kodi repository skin, it may never make its way into the official Kodi repository, so GitHub will be the primary source of updates going forward for Madnox v3.</disclaimer>
        <platform>all</platform>
		<forum>https://forum.kodi.tv/forumdisplay.php?fid=314</forum>
		<source>https://github.com/kittmaster/KittmasterRepo/tree/master/repo/zips/repository.kittmaster</source>
        <website>https://github.com/kittmaster/KittmasterRepo/tree/master/repo/zips/repository.kittmaster</website>
        <assets>
            <icon>icon.png</icon>
            <fanart>fanart.jpg</fanart>
        </assets>
		<news>
		Pushed to v.1.0.09[CR]
		-Removed Matrix branch (Will restore if demand is present, use Kodi forum to voice request).[CR]
		-Removed "plugin.whereareyou" test plugin, was for testing only, no longer needed.[CR]
		Pushed to v.1.0.08[CR]
		-Fixed all 3 build addon.xml identifiers for Matrix, Nexus, Omega from outdated Kodi Wiki info.[CR]
		** Thanks to mikeSiLVO for the fix! **[CR]
		-News tags whitespace fix[CR]
		-Removed double carriage returns to minimize scrolling[CR]
		Pushed to v.1.0.07[CR]
		-Adjusted for Omega RC1 version from 21.0.0 to 20.9.1[CR]
		** Thanks to mikeSiLVO for the fix! **[CR]
		Pushed to v.1.0.06[CR]
		-Added "tree" paths for split repos[CR]
		Pushed to v.1.0.05[CR]
		-Added "tree" paths for split repos[CR]
		Pushed to v.1.0.04[CR]
		-Fixed path to split repos[CR]
		Pushed to v.1.0.03[CR]
		Please report any/all issues in Madnox skin forums @ Kodi's website[CR]
		No support via GitHub to reduce workload or missed issues[CR]
		Greetz to everyone helping with feedback and support.[CR]
		Chris 3/10/2024
		</news>		
    </extension>
</addon>