<?xml version="1.0" encoding="UTF-8"?>
<colors>
	<color name="0% Transparent Light Gray">ffe8e8e8</color>
	<color name="0% Transparent Light Pink">fff7d6d4</color>
	<color name="0% Transparent Light Peach">fffce1d0</color>
	<color name="0% Transparent Beige">ffebe2da</color>
	<color name="0% Transparent Pale Yellow">fffbfbd6</color>
	<color name="0% Transparent Light Green">ffdeefd8</color>
	<color name="0% Transparent Mint Green">ffd5f6d8</color>
	<color name="0% Transparent Pale Aqua">ffd2ece4</color>
	<color name="0% Transparent Light Cyan">ffddf3f3</color>
	<color name="0% Transparent Light Blue">ffd5e8f2</color>
	<color name="0% Transparent Periwinkle">ffd6dfed</color>
	<color name="0% Transparent Lavender">ffe5dced</color>
	<color name="0% Transparent Pale Pink">ffedd2e1</color>
	<color name="0% Transparent Light Pink">fff8e5ea</color>
	<color name="0% Transparent Gray">ffd1d1d1</color>
	<color name="0% Transparent Salmon">ffefada9</color>
	<color name="0% Transparent Peach">fff9c3a2</color>
	<color name="0% Transparent Light Brown">ffd8c5b6</color>
	<color name="0% Transparent Light Yellow">fff7f7ad</color>
	<color name="0% Transparent Pale Green">ffbcdfb1</color>
	<color name="0% Transparent Light Mint">ffabecb1</color>
	<color name="0% Transparent Light Turquoise">ffa5d8c9</color>
	<color name="0% Transparent Aqua">ffbae7e7</color>
	<color name="0% Transparent Sky Blue">ffabd1e5</color>
	<color name="0% Transparent Light Lavender">ffaebedc</color>
	<color name="0% Transparent Pale Purple">ffcbb9da</color>
	<color name="0% Transparent Pink">ffdba4c3</color>
	<color name="0% Transparent Light Pink">fff2ccd5</color>
	<color name="0% Transparent Gray">ffbababa</color>
	<color name="0% Transparent Coral">ffe7847f</color>
	<color name="0% Transparent Light Orange">fff6a673</color>
	<color name="0% Transparent Light Brown">ffc4a891</color>
	<color name="0% Transparent Light Yellow">fff4f483</color>
	<color name="0% Transparent Light Green">ff9bd08a</color>
	<color name="0% Transparent Mint Green">ff80e389</color>
	<color name="0% Transparent Pale Green">ff78c5ae</color>
	<color name="0% Transparent Light Aqua">ff98dcdc</color>
	<color name="0% Transparent Sky Blue">ff81bad8</color>
	<color name="0% Transparent Light Blue">ff859ecb</color>
	<color name="0% Transparent Light Lavender">ffb096c8</color>
	<color name="0% Transparent Light Pink">ffca76a6</color>
	<color name="0% Transparent Pale Pink">ffecb2c0</color>
	<color name="0% Transparent Gray">ffa4a4a4</color>
	<color name="0% Transparent Red">ffdf5b54</color>
	<color name="0% Transparent Orange">fff38844</color>
	<color name="0% Transparent Light Brown">ffb08b6c</color>		
	<color name="0% Transparent Yellow">fff0f05a</color>
	<color name="0% Transparent Light Green">ff7ac063</color>
	<color name="0% Transparent Green">ff56da62</color>
	<color name="0% Transparent Teal">ff4ab293</color>
	<color name="0% Transparent Aqua">ff76d0d0</color>
	<color name="0% Transparent Sky Blue">ff57a4cb</color>
	<color name="0% Transparent Blue">ff5d7eba</color>
	<color name="0% Transparent Purple">ff9673b6</color>
	<color name="0% Transparent Pink">ffb84988</color>
	<color name="0% Transparent Pale Pink">ffe699ab</color>
	<color name="0% Transparent Gray">ff8d8d8d</color>
	<color name="0% Transparent Red">ffd73229</color>
	<color name="0% Transparent Orange">fff16a15</color>
	<color name="0% Transparent Brown">ff9d6e48</color>
	<color name="0% Transparent Yellow">ffeded31</color>
	<color name="0% Transparent Green">ff59b03c</color>
	<color name="0% Transparent Bright Green">ff2cd13b</color>
	<color name="0% Transparent Teal">ff1d9f78</color>
	<color name="0% Transparent Light Aqua">ff54c4c4</color>
	<color name="0% Transparent Sky Blue">ff2d8dbe</color>
	<color name="0% Transparent Blue">ff345da9</color>
	<color name="0% Transparent Purple">ff7c50a4</color>
	<color name="0% Transparent Pink">ffa71b6a</color>
	<color name="0% Transparent Light Pink">ffe07f96</color>
	<color name="0% Transparent Gray">ff727272</color>
	<color name="0% Transparent Red">ffaf2820</color>
	<color name="0% Transparent Orange">ffc55610</color>
	<color name="0% Transparent Brown">ff7f5939</color>
	<color name="0% Transparent Yellow">ffc1c127</color>
	<color name="0% Transparent Green">ff479030</color>
	<color name="0% Transparent Bright Green">ff23ab2f</color>
	<color name="0% Transparent Teal">ff168161</color>
	<color name="0% Transparent Aqua">ff43a0a0</color>
	<color name="0% Transparent Sky Blue">ff23729b</color>
	<color name="0% Transparent Blue">ff294b89</color>
	<color name="0% Transparent Purple">ff654085</color>
	<color name="0% Transparent Pink">ff881556</color>
	<color name="0% Transparent Light Pink">ffb7677a</color>
	<color name="0% Transparent Gray">ff575757</color>
	<color name="0% Transparent Red">ff851e19</color>
	<color name="0% Transparent Orange">ff95410c</color>
	<color name="0% Transparent Brown">ff61442c</color>
	<color name="0% Transparent Yellow">ff92921d</color>
	<color name="0% Transparent Green">ff366d24</color>
	<color name="0% Transparent Bright Green">ff1a8124</color>
	<color name="0% Transparent Teal">ff11624a</color>
	<color name="0% Transparent Aqua">ff337979</color>
	<color name="0% Transparent Sky Blue">ff1b5776</color>
	<color name="0% Transparent Blue">ff1f3968</color>
	<color name="0% Transparent Purple">ff4c3165</color>
	<color name="0% Transparent Pink">ff671041</color>
	<color name="0% Transparent Light Pink">ff8a4e5c</color>
	<color name="0% Transparent Gray">ff3b3b3b</color>
	<color name="0% Transparent Red">ff5a1511</color>
	<color name="0% Transparent Orange">ff652c08</color>
	<color name="0% Transparent Brown">ff422e1e</color>
	<color name="0% Transparent Yellow">ff636314</color>
	<color name="0% Transparent Green">ff254a19</color>
	<color name="0% Transparent Bright Green">ff125818</color>
	<color name="0% Transparent Teal">ff0c4232</color>
	<color name="0% Transparent Aqua">ff235252</color>
	<color name="0% Transparent Sky Blue">ff123b50</color>
	<color name="0% Transparent Blue">ff152747</color>
	<color name="0% Transparent Purple">ff342145</color>
	<color name="0% Transparent Pink">ff460b2c</color>
	<color name="0% Transparent Light Pink">ff5e353f</color>
	<color name="0% Transparent Gray">ff181818</color>
	<color name="0% Transparent Red">ff300b09</color>
	<color name="0% Transparent Orange">ff351805</color>
	<color name="0% Transparent Brown">ff231810</color>
	<color name="0% Transparent Yellow">ff35350b</color>
	<color name="0% Transparent Green">ff14270d</color>
	<color name="0% Transparent Bright Green">ff0a2e0d</color>
	<color name="0% Transparent Teal">ff06231b</color>
	<color name="0% Transparent Aqua">ff132c2c</color>
	<color name="0% Transparent Sky Blue">ff0a1f2a</color>
	<color name="0% Transparent Blue">ff0b1525</color>
	<color name="0% Transparent Purple">ff1c1224</color>
	<color name="0% Transparent Pink">ff250618</color>
	<color name="0% Transparent Light Pink">ff321c21</color>
</colors>