<?xml version="1.0" encoding="UTF-8"?>
<colors>
	<color name="0% Transparent Aqua">FF69f5ee</color>
	<color name="0% Transparent Sky Blue">FF03F2FF</color>
	<color name="0% Transparent Light Aqua">FFA4F4F9</color>
	<color name="0% Transparent Light Blue">FF6db9e5</color>
	<color name="0% Transparent Deep Sky Blue">FF00BFFF</color>
	<color name="0% Transparent Light Green">ffB8FBB8</color>
	<color name="0% Transparent Dark Green">FF04B431</color>
	<color name="0% Transparent Light Green">FF6cf884</color>
	<color name="0% Transparent Bright Green">FF39FF14</color>
	<color name="0% Transparent Yellow Green">FFc5fa05</color>
	<color name="0% Transparent Light Yellow">FFF3F781</color>
	<color name="0% Transparent Khaki">fff0e68c</color>
	<color name="0% Transparent Gold">FFFFD700</color>
	<color name="0% Transparent Goldenrod">ffDAA520</color>
	<color name="0% Transparent Orange">FFFFA500</color>
	<color name="0% Transparent Orange Red">FFFF4500</color>
	<color name="0% Transparent Dark Red">FFB20000</color>
	<color name="0% Transparent Medium Purple">FF9370D8</color>
	<color name="0% Transparent Magenta">FFFF00FF</color>
	<color name="0% Transparent Pink">FFfa98e0</color>
	<color name="0% Transparent Black">FF000000</color>
	<color name="0% Transparent Dark Gray">FF404040</color>
	<color name="0% Transparent Gray">FF808080</color>
	<color name="0% Transparent White">FFFFFFFF</color>
</colors>