<?xml version="1.0" encoding="UTF-8"?>
<colors>
	<color name="0% Transparent Air Force Blue">ff5d8aa8</color>
	<color name="0% Transparent Alice Blue">fff0f8ff</color>
	<color name="0% Transparent Alizarin Crimson">ffe32636</color>
	<color name="0% Transparent Almond">ffefdecd</color>
	<color name="0% Transparent Amaranth">ffe52b50</color>
	<color name="0% Transparent Amber">ffffbf00</color>
	<color name="0% Transparent Amber (SAE/ECE)">ffff7e00</color>
	<color name="0% Transparent American Rose">ffff033e</color>
	<color name="0% Transparent Amethyst">ff9966cc</color>
	<color name="0% Transparent Android Green">ffa4c639</color>
	<color name="0% Transparent Anti-Flash White">fff2f3f4</color>
	<color name="0% Transparent Antique Brass">ffcd9575</color>
	<color name="0% Transparent Antique Fuchsia">ff915c83</color>
	<color name="0% Transparent Antique White">fffaebd7</color>
	<color name="0% Transparent Ao (English)">ff008000</color>
	<color name="0% Transparent Apple Green">ff8db600</color>
	<color name="0% Transparent Apricot">fffbceb1</color>
	<color name="0% Transparent Aqua">ff00ffff</color>
	<color name="0% Transparent Aquamarine">ff7fffd4</color>
	<color name="0% Transparent Army Green">ff4b5320</color>
	<color name="0% Transparent Arylide Yellow">ffe9d66b</color>
	<color name="0% Transparent Ash Grey">ffb2beb5</color>
	<color name="0% Transparent Asparagus">ff87a96b</color>
	<color name="0% Transparent Atomic Tangerine">ffff9966</color>
	<color name="0% Transparent Auburn">ffa52a2a</color>
	<color name="0% Transparent Aureolin">fffdee00</color>
	<color name="0% Transparent Aurometalsaurus">ff6e7f80</color>
	<color name="0% Transparent Awesome">ffff2052</color>
	<color name="0% Transparent Azure">ff007fff</color>
	<color name="0% Transparent Azure Mist/Web">fff0ffff</color>
	<color name="0% Transparent Baby Blue">ff89cff0</color>
	<color name="0% Transparent Baby Blue Eyes">ffa1caf1</color>
	<color name="0% Transparent Baby Pink">fff4c2c2</color>
	<color name="0% Transparent Ball Blue">ff21abcd</color>
	<color name="0% Transparent Banana Mania">fffae7b5</color>
	<color name="0% Transparent Banana Yellow">ffffe135</color>
	<color name="0% Transparent Battleship Grey">ff848482</color>
	<color name="0% Transparent Bazaar">ff98777b</color>
	<color name="0% Transparent Beau Blue">ffbcd4e6</color>
	<color name="0% Transparent Beaver">ff9f8170</color>
	<color name="0% Transparent Beige">fff5f5dc</color>
	<color name="0% Transparent Bisque">ffffe4c4</color>
	<color name="0% Transparent Bistre">ff3d2b1f</color>
	<color name="0% Transparent Bittersweet">fffe6f5e</color>
	<color name="0% Transparent Black">ff000000</color>
	<color name="0% Transparent Blanched Almond">ffffebcd</color>
	<color name="0% Transparent Bleu De France">ff318ce7</color>
	<color name="0% Transparent Blizzard Blue">fface5ee</color>
	<color name="0% Transparent Blond">fffaf0be</color>
	<color name="0% Transparent Blue">ff0000ff</color>
	<color name="0% Transparent Blue (Munsell)">ff0093af</color>
	<color name="0% Transparent Blue (NCS)">ff0087bd</color>
	<color name="0% Transparent Blue (Pigment)">ff333399</color>
	<color name="0% Transparent Blue (RYB)">ff0247fe</color>
	<color name="0% Transparent Blue Bell">ffa2a2d0</color>
	<color name="0% Transparent Blue Gray">ff6699cc</color>
	<color name="0% Transparent Blue-Green">ff0d98ba</color>
	<color name="0% Transparent Blue-Violet">ff8a2be2</color>
	<color name="0% Transparent Blush">ffde5d83</color>
	<color name="0% Transparent Bole">ff79443b</color>
	<color name="0% Transparent Bondi Blue">ff0095b6</color>
	<color name="0% Transparent Boston University Red">ffcc0000</color>
	<color name="0% Transparent Boysenberry">ff873260</color>
	<color name="0% Transparent Brandeis Blue">ff0070ff</color>
	<color name="0% Transparent Brass">ffb5a642</color>
	<color name="0% Transparent Brick Red">ffcb4154</color>
	<color name="0% Transparent Bright Cerulean">ff1dacd6</color>
	<color name="0% Transparent Bright Green">ff66ff00</color>
	<color name="0% Transparent Bright Lavender">ffbf94e4</color>
	<color name="0% Transparent Bright Maroon">ffc32148</color>
	<color name="0% Transparent Bright Pink">ffff007f</color>
	<color name="0% Transparent Bright Turquoise">ff08e8de</color>
	<color name="0% Transparent Bright Ube">ffd19fe8</color>
	<color name="0% Transparent Brilliant Lavender">fff4bbff</color>
	<color name="0% Transparent Brilliant Rose">ffff55a3</color>
	<color name="0% Transparent Brink Pink">fffb607f</color>
	<color name="0% Transparent British Racing Green">ff004225</color>
	<color name="0% Transparent Bronze">ffcd7f32</color>
	<color name="0% Transparent Brown (Traditional)">ff964b00</color>
	<color name="0% Transparent Brown (Web)">ffa52a2a</color>
	<color name="0% Transparent Bubble Gum">ffffc1cc</color>
	<color name="0% Transparent Bubbles">ffe7feff</color>
	<color name="0% Transparent Buff">fff0dc82</color>
	<color name="0% Transparent Bulgarian Rose">ff480607</color>
	<color name="0% Transparent Burgundy">ff800020</color>
	<color name="0% Transparent Burlywood">ffdeb887</color>
	<color name="0% Transparent Burnt Orange">ffcc5500</color>
	<color name="0% Transparent Burnt Sienna">ffe97451</color>
	<color name="0% Transparent Burnt Umber">ff8a3324</color>
	<color name="0% Transparent Byzantine">ffbd33a4</color>
	<color name="0% Transparent Byzantium">ff702963</color>
	<color name="0% Transparent Cadet">ff536872</color>
	<color name="0% Transparent Cadet Blue">ff5f9ea0</color>
	<color name="0% Transparent Cadet Grey">ff91a3b0</color>
	<color name="0% Transparent Cadmium Green">ff006b3c</color>
	<color name="0% Transparent Cadmium Orange">ffed872d</color>
	<color name="0% Transparent Cadmium Red">ffe30022</color>
	<color name="0% Transparent Cadmium Yellow">fffff600</color>
	<color name="0% Transparent Café Au Lait">ffa67b5b</color>
	<color name="0% Transparent Café Noir">ff4b3621</color>
	<color name="0% Transparent Cal Poly Pomona Green">ff1e4d2b</color>
	<color name="0% Transparent Cambridge Blue">ffa3c1ad</color>
	<color name="0% Transparent Camel">ffc19a6b</color>
	<color name="0% Transparent Camouflage Green">ff78866b</color>
	<color name="0% Transparent Canary Yellow">ffffef00</color>
	<color name="0% Transparent Candy Apple Red">ffff0800</color>
	<color name="0% Transparent Candy Pink">ffe4717a</color>
	<color name="0% Transparent Capri">ff00bfff</color>
	<color name="0% Transparent Caput Mortuum">ff592720</color>
	<color name="0% Transparent Cardinal">ffc41e3a</color>
	<color name="0% Transparent Caribbean Green">ff00cc99</color>
	<color name="0% Transparent Carmine">ffff0040</color>
	<color name="0% Transparent Carmine Pink">ffeb4c42</color>
	<color name="0% Transparent Carmine Red">ffff0038</color>
	<color name="0% Transparent Carnation Pink">ffffa6c9</color>
	<color name="0% Transparent Carnelian">ffb31b1b</color>
	<color name="0% Transparent Carolina Blue">ff99badd</color>
	<color name="0% Transparent Carrot Orange">ffed9121</color>
	<color name="0% Transparent Celadon">fface1af</color>
	<color name="0% Transparent Celeste (Colour)">ffb2ffff</color>
	<color name="0% Transparent Celestial Blue">ff4997d0</color>
	<color name="0% Transparent Cerise">ffde3163</color>
	<color name="0% Transparent Cerise Pink">ffec3b83</color>
	<color name="0% Transparent Cerulean">ff007ba7</color>
	<color name="0% Transparent Cerulean Blue">ff2a52be</color>
	<color name="0% Transparent CG Blue">ff007aa5</color>
	<color name="0% Transparent CG Red">ffe03c31</color>
	<color name="0% Transparent Chamoisee">ffa0785a</color>
	<color name="0% Transparent Champagne">fffad6a5</color>
	<color name="0% Transparent Charcoal">ff36454f</color>
	<color name="0% Transparent Chartreuse (Traditional)">ffdfff00</color>
	<color name="0% Transparent Chartreuse (Web)">ff7fff00</color>
	<color name="0% Transparent Cherry Blossom Pink">ffffb7c5</color>
	<color name="0% Transparent Chestnut">ffcd5c5c</color>
	<color name="0% Transparent Chocolate (Traditional)">ff7b3f00</color>
	<color name="0% Transparent Chocolate (Web)">ffd2691e</color>
	<color name="0% Transparent Chrome Yellow">ffffa700</color>
	<color name="0% Transparent Cinereous">ff98817b</color>
	<color name="0% Transparent Cinnabar">ffe34234</color>
	<color name="0% Transparent Cinnamon">ffd2691e</color>
	<color name="0% Transparent Citrine">ffe4d00a</color>
	<color name="0% Transparent Classic Rose">fffbcce7</color>
	<color name="0% Transparent Cobalt">ff0047ab</color>
	<color name="0% Transparent Cocoa Brown">ffd2691e</color>
	<color name="0% Transparent Coffee">ff6f4e37</color>
	<color name="0% Transparent Columbia Blue">ff9bddff</color>
	<color name="0% Transparent Cool Black">ff002e63</color>
	<color name="0% Transparent Cool Grey">ff8c92ac</color>
	<color name="0% Transparent Copper">ffb87333</color>
	<color name="0% Transparent Copper Rose">ff996666</color>
	<color name="0% Transparent Coquelicot">ffff3800</color>
	<color name="0% Transparent Coral">ffff7f50</color>
	<color name="0% Transparent Coral Pink">fff88379</color>
	<color name="0% Transparent Coral Red">ffff4040</color>
	<color name="0% Transparent Cordovan">ff893f45</color>
	<color name="0% Transparent Corn">fffbec5d</color>
	<color name="0% Transparent Cornell Red">ffb31b1b</color>
	<color name="0% Transparent Cornflower Blue">ff6495ed</color>
	<color name="0% Transparent Cornsilk">fffff8dc</color>
	<color name="0% Transparent Cosmic Latte">fffff8e7</color>
	<color name="0% Transparent Cotton Candy">ffffbcd9</color>
	<color name="0% Transparent Cream">fffffdd0</color>
	<color name="0% Transparent Crimson">ffdc143c</color>
	<color name="0% Transparent Crimson Glory">ffbe0032</color>
	<color name="0% Transparent Cyan">ff00ffff</color>
	<color name="0% Transparent Cyan (Process)">ff00b7eb</color>
	<color name="0% Transparent Daffodil">ffffff31</color>
	<color name="0% Transparent Dandelion">fff0e130</color>
	<color name="0% Transparent Darkblue">ff011222</color>
	<color name="0% Transparent Dark Brown">ff654321</color>
	<color name="0% Transparent Dark Byzantium">ff5d3954</color>
	<color name="0% Transparent Dark Candy Apple Red">ffa40000</color>
	<color name="0% Transparent Dark Cerulean">ff08457e</color>
	<color name="0% Transparent Dark Chestnut">ff986960</color>
	<color name="0% Transparent Dark Coral">ffcd5b45</color>
	<color name="0% Transparent Dark Cyan">ff008b8b</color>
	<color name="0% Transparent Dark Electric Blue">ff536878</color>
	<color name="0% Transparent Dark Goldenrod">ffb8860b</color>
	<color name="0% Transparent Dark Gray">ffa9a9a9</color>
	<color name="0% Transparent Dark Green">ff013220</color>
	<color name="0% Transparent Dark Jungle Green">ff1a2421</color>
	<color name="0% Transparent Dark Khaki">ffbdb76b</color>
	<color name="0% Transparent Dark Lava">ff483c32</color>
	<color name="0% Transparent Dark Lavender">ff734f96</color>
	<color name="0% Transparent Dark Magenta">ff8b008b</color>
	<color name="0% Transparent Dark Midnight Blue">ff003366</color>
	<color name="0% Transparent Dark Olive Green">ff556b2f</color>
	<color name="0% Transparent Dark Orange">ffff8c00</color>
	<color name="0% Transparent Dark Orchid">ff9932cc</color>
	<color name="0% Transparent Dark Pastel Blue">ff779ecb</color>
	<color name="0% Transparent Dark Pastel Green">ff03c03c</color>
	<color name="0% Transparent Dark Pastel Purple">ff966fd6</color>
	<color name="0% Transparent Dark Pastel Red">ffc23b22</color>
	<color name="0% Transparent Dark Pink">ffe75480</color>
	<color name="0% Transparent Dark Powder Blue">ff003399</color>
	<color name="0% Transparent Dark Raspberry">ff872657</color>
	<color name="0% Transparent Dark Red">ff8b0000</color>
	<color name="0% Transparent Dark Salmon">ffe9967a</color>
	<color name="0% Transparent Dark Scarlet">ff560319</color>
	<color name="0% Transparent Dark Sea Green">ff8fbc8f</color>
	<color name="0% Transparent Dark Sienna">ff3c1414</color>
	<color name="0% Transparent Dark Slate Blue">ff483d8b</color>
	<color name="0% Transparent Dark Slate Gray">ff2f4f4f</color>
	<color name="0% Transparent Dark Spring Green">ff177245</color>
	<color name="0% Transparent Dark Tan">ff918151</color>
	<color name="0% Transparent Dark Tangerine">ffffa812</color>
	<color name="0% Transparent Dark Taupe">ff483c32</color>
	<color name="0% Transparent Dark Terra Cotta">ffcc4e5c</color>
	<color name="0% Transparent Dark Turquoise">ff00ced1</color>
	<color name="0% Transparent Dark Violet">ff9400d3</color>
	<color name="0% Transparent Dartmouth Green">ff00693e</color>
	<color name="0% Transparent Davy's Grey">ff555555</color>
	<color name="0% Transparent Debian Red">ffd70a53</color>
	<color name="0% Transparent Deep Carmine">ffa9203e</color>
	<color name="0% Transparent Deep Carmine Pink">ffef3038</color>
	<color name="0% Transparent Deep Carrot Orange">ffe9692c</color>
	<color name="0% Transparent Deep Cerise">ffda3287</color>
	<color name="0% Transparent Deep Champagne">fffad6a5</color>
	<color name="0% Transparent Deep Chestnut">ffb94e48</color>
	<color name="0% Transparent Deep Coffee">ff704241</color>
	<color name="0% Transparent Deep Fuchsia">ffc154c1</color>
	<color name="0% Transparent Deep Jungle Green">ff004b49</color>
	<color name="0% Transparent Deep Lilac">ff9955bb</color>
	<color name="0% Transparent Deep Magenta">ffcc00cc</color>
	<color name="0% Transparent Deep Peach">ffffcba4</color>
	<color name="0% Transparent Deep Pink">ffff1493</color>
	<color name="0% Transparent Deep Saffron">ffff9933</color>
	<color name="0% Transparent Deep Sky Blue">ff00bfff</color>
	<color name="0% Transparent Denim">ff1560bd</color>
	<color name="0% Transparent Desert">ffc19a6b</color>
	<color name="0% Transparent Desert Sand">ffedc9af</color>
	<color name="0% Transparent Dim Gray">ff696969</color>
	<color name="0% Transparent Dodger Blue">ff1e90ff</color>
	<color name="0% Transparent Dogwood Rose">ffd71868</color>
	<color name="0% Transparent Dollar Bill">ff85bb65</color>
	<color name="0% Transparent Drab">ff967117</color>
	<color name="0% Transparent Duke Blue">ff00009c</color>
	<color name="0% Transparent Earth Yellow">ffe1a95f</color>
	<color name="0% Transparent Ecru">ffc2b280</color>
	<color name="0% Transparent Eggplant">ff614051</color>
	<color name="0% Transparent Eggshell">fff0ead6</color>
	<color name="0% Transparent Egyptian Blue">ff1034a6</color>
	<color name="0% Transparent Electric Blue">ff7df9ff</color>
	<color name="0% Transparent Electric Crimson">ffff003f</color>
	<color name="0% Transparent Electric Cyan">ff00ffff</color>
	<color name="0% Transparent Electric Green">ff00ff00</color>
	<color name="0% Transparent Electric Indigo">ff6f00ff</color>
	<color name="0% Transparent Electric Lavender">fff4bbff</color>
	<color name="0% Transparent Electric Lime">ffccff00</color>
	<color name="0% Transparent Electric Purple">ffbf00ff</color>
	<color name="0% Transparent Electric Ultramarine">ff3f00ff</color>
	<color name="0% Transparent Electric Violet">ff8f00ff</color>
	<color name="0% Transparent Electric Yellow">ffffff00</color>
	<color name="0% Transparent Emerald">ff50c878</color>
	<color name="0% Transparent Eton Blue">ff96c8a2</color>
	<color name="0% Transparent Fallow">ffc19a6b</color>
	<color name="0% Transparent Falu Red">ff801818</color>
	<color name="0% Transparent Fandango">ffb53389</color>
	<color name="0% Transparent Fashion Fuchsia">fff400a1</color>
	<color name="0% Transparent Fawn">ffe5aa70</color>
	<color name="0% Transparent Feldgrau">ff4d5d53</color>
	<color name="0% Transparent Fern Green">ff4f7942</color>
	<color name="0% Transparent Ferrari Red">ffff2800</color>
	<color name="0% Transparent Field Drab">ff6c541e</color>
	<color name="0% Transparent Firebrick">ffb22222</color>
	<color name="0% Transparent Fire Engine Red">ffce2029</color>
	<color name="0% Transparent Flame">ffe25822</color>
	<color name="0% Transparent Flamingo Pink">fffc8eac</color>
	<color name="0% Transparent Flavescent">fff7e98e</color>
	<color name="0% Transparent Flax">ffeedc82</color>
	<color name="0% Transparent Floral White">fffffaf0</color>
	<color name="0% Transparent Fluorescent Orange">ffffbf00</color>
	<color name="0% Transparent Fluorescent Pink">ffff1493</color>
	<color name="0% Transparent Fluorescent Yellow">ffccff00</color>
	<color name="0% Transparent Folly">ffff004f</color>
	<color name="0% Transparent Forest Green (Traditional)">ff014421</color>
	<color name="0% Transparent Forestgreen">ff228b22</color>
	<color name="0% Transparent French Beige">ffa67b5b</color>
	<color name="0% Transparent French Blue">ff0072bb</color>
	<color name="0% Transparent French Lilac">ff86608e</color>
	<color name="0% Transparent French Rose">fff64a8a</color>
	<color name="0% Transparent Fuchsia">ffff00ff</color>
	<color name="0% Transparent Fuchsia Pink">ffff77ff</color>
	<color name="0% Transparent Fulvous">ffe48400</color>
	<color name="0% Transparent Fuzzy Wuzzy">ffcc6666</color>
	<color name="0% Transparent Gainsboro">ffdcdcdc</color>
	<color name="0% Transparent Gamboge">ffe49b0f</color>
	<color name="0% Transparent Ghost White">fff8f8ff</color>
	<color name="0% Transparent Ginger">ffb06500</color>
	<color name="0% Transparent Glaucous">ff6082b6</color>
	<color name="0% Transparent Glitter">ffe6e8fa</color>
	<color name="0% Transparent Gold (Metallic)">ffd4af37</color>
	<color name="0% Transparent Gold (Web) (Golden)">ffffd700</color>
	<color name="0% Transparent Golden Brown">ff996515</color>
	<color name="0% Transparent Golden Poppy">fffcc200</color>
	<color name="0% Transparent Golden Yellow">ffffdf00</color>
	<color name="0% Transparent Goldenrod">ffdaa520</color>
	<color name="0% Transparent Granny Smith Apple">ffa8e4a0</color>
	<color name="0% Transparent Gray">ff808080</color>
	<color name="0% Transparent Gray (HTML/CSS Gray)">ff7f7f7f</color>
	<color name="0% Transparent Gray (X11 Gray)">ffbebebe</color>
	<color name="0% Transparent Gray-Asparagus">ff465945</color>
	<color name="0% Transparent Green (Color Wheel) (X11 Green)">ff00ff00</color>
	<color name="0% Transparent Green (HTML/CSS Green)">ff008000</color>
	<color name="0% Transparent Green (Munsell)">ff00a877</color>
	<color name="0% Transparent Green (NCS)">ff009f6b</color>
	<color name="0% Transparent Green (Pigment)">ff00a550</color>
	<color name="0% Transparent Green (RYB)">ff66b032</color>
	<color name="0% Transparent Green-Yellow">ffadff2f</color>
	<color name="0% Transparent Grullo">ffa99a86</color>
	<color name="0% Transparent Guppie Green">ff00ff7f</color>
	<color name="0% Transparent Halaya Ube">ff663854</color>
	<color name="0% Transparent Han Blue">ff446ccf</color>
	<color name="0% Transparent Han Purple">ff5218fa</color>
	<color name="0% Transparent Hansa Yellow">ffe9d66b</color>
	<color name="0% Transparent Harlequin">ff3fff00</color>
	<color name="0% Transparent Harvard Crimson">ffc90016</color>
	<color name="0% Transparent Harvest Gold">ffda9100</color>
	<color name="0% Transparent Heart Gold">ff808000</color>
	<color name="0% Transparent Heliotrope">ffdf73ff</color>
	<color name="0% Transparent Hollywood Cerise">fff400a1</color>
	<color name="0% Transparent Honeydew">fff0fff0</color>
	<color name="0% Transparent Hooker's Green">ff007000</color>
	<color name="0% Transparent Hot Magenta">ffff1dce</color>
	<color name="0% Transparent Hot Pink">ffff69b4</color>
	<color name="0% Transparent Hunter Green">ff355e3b</color>
	<color name="0% Transparent Icterine">fffcf75e</color>
	<color name="0% Transparent Inchworm">ffb2ec5d</color>
	<color name="0% Transparent India Green">ff138808</color>
	<color name="0% Transparent Indian Red">ffcd5c5c</color>
	<color name="0% Transparent Indian Yellow">ffe3a857</color>
	<color name="0% Transparent Indigo (Dye)">ff00416a</color>
	<color name="0% Transparent Indigo (Web)">ff4b0082</color>
	<color name="0% Transparent International Klein Blue">ff002fa7</color>
	<color name="0% Transparent International Orange">ffff4f00</color>
	<color name="0% Transparent Iris">ff5a4fcf</color>
	<color name="0% Transparent Isabelline">fff4f0ec</color>
	<color name="0% Transparent Islamic Green">ff009000</color>
	<color name="0% Transparent Ivory">fffffff0</color>
	<color name="0% Transparent Jade">ff00a86b</color>
	<color name="0% Transparent Jasmine">fff8de7e</color>
	<color name="0% Transparent Jasper">ffd73b3e</color>
	<color name="0% Transparent Jazzberry Jam">ffa50b5e</color>
	<color name="0% Transparent Jonquil">fffada5e</color>
	<color name="0% Transparent June Bud">ffbdda57</color>
	<color name="0% Transparent Jungle Green">ff29ab87</color>
	<color name="0% Transparent Kelly Green">ff4cbb17</color>
	<color name="0% Transparent Khaki (HTML/CSS) (Khaki)">ffc3b091</color>
	<color name="0% Transparent Khaki (X11) (Light Khaki)">fff0e68c</color>
	<color name="0% Transparent KU Crimson">ffe8000d</color>
	<color name="0% Transparent La Salle Green">ff087830</color>
	<color name="0% Transparent Languid Lavender">ffd6cadd</color>
	<color name="0% Transparent Lapis Lazuli">ff26619c</color>
	<color name="0% Transparent Laser Lemon">fffefe22</color>
	<color name="0% Transparent Laurel Green">ffa9ba9d</color>
	<color name="0% Transparent Lava">ffcf1020</color>
	<color name="0% Transparent Lavender (Floral)">ffb57edc</color>
	<color name="0% Transparent Lavender (Web)">ffe6e6fa</color>
	<color name="0% Transparent Lavender Blue">ffccccff</color>
	<color name="0% Transparent Lavender Blush">fffff0f5</color>
	<color name="0% Transparent Lavender Gray">ffc4c3d0</color>
	<color name="0% Transparent Lavender Indigo">ff9457eb</color>
	<color name="0% Transparent Lavender Magenta">ffee82ee</color>
	<color name="0% Transparent Lavender Mist">ffe6e6fa</color>
	<color name="0% Transparent Lavender Pink">fffbaed2</color>
	<color name="0% Transparent Lavender Purple">ff967bb6</color>
	<color name="0% Transparent Lavender Rose">fffba0e3</color>
	<color name="0% Transparent Lawn Green">ff7cfc00</color>
	<color name="0% Transparent Lemon">fffff700</color>
	<color name="0% Transparent Lemon Chiffon">fffffacd</color>
	<color name="0% Transparent Light Apricot">fffdd5b1</color>
	<color name="0% Transparent Light Blue">ffadd8e6</color>
	<color name="0% Transparent Light Brown">ffb5651d</color>
	<color name="0% Transparent Light Carmine Pink">ffe66771</color>
	<color name="0% Transparent Light Coral">fff08080</color>
	<color name="0% Transparent Light Cornflower Blue">ff93ccea</color>
	<color name="0% Transparent Light Crimson">fff56991</color>
	<color name="0% Transparent Light Cyan">ffe0ffff</color>
	<color name="0% Transparent Light Fuchsia Pink">fff984ef</color>
	<color name="0% Transparent Light Goldenrod Yellow">fffafad2</color>
	<color name="0% Transparent Light Gray">ffd3d3d3</color>
	<color name="0% Transparent Light Green">ff90ee90</color>
	<color name="0% Transparent Light Khaki">fff0e68c</color>
	<color name="0% Transparent Light Pastel Purple">ffb19cd9</color>
	<color name="0% Transparent Light Pink">ffffb6c1</color>
	<color name="0% Transparent Light Salmon">ffffa07a</color>
	<color name="0% Transparent Light Salmon Pink">ffff9999</color>
	<color name="0% Transparent Light Sea Green">ff20b2aa</color>
	<color name="0% Transparent Light Sky Blue">ff87cefa</color>
	<color name="0% Transparent Light Slate Gray">ff778899</color>
	<color name="0% Transparent Light Taupe">ffb38b6d</color>
	<color name="0% Transparent Light Thulian Pink">ffe68fac</color>
	<color name="0% Transparent Light Yellow">ffffffed</color>
	<color name="0% Transparent Lilac">ffc8a2c8</color>
	<color name="0% Transparent Lime (Color Wheel)">ffbfff00</color>
	<color name="0% Transparent Lime (Web) (X11 Green)">ff00ff00</color>
	<color name="0% Transparent Lime Green">ff32cd32</color>
	<color name="0% Transparent Lincoln Green">ff195905</color>
	<color name="0% Transparent Linen">fffaf0e6</color>
	<color name="0% Transparent Lion">ffc19a6b</color>
	<color name="0% Transparent Liver">ff534b4f</color>
	<color name="0% Transparent Lust">ffe62020</color>
	<color name="0% Transparent Magenta">ffff00ff</color>
	<color name="0% Transparent Magenta (Dye)">ffca1f7b</color>
	<color name="0% Transparent Magenta (Process)">ffff0090</color>
	<color name="0% Transparent Magic Mint">ffaaf0d1</color>
	<color name="0% Transparent Magnolia">fff8f4ff</color>
	<color name="0% Transparent Mahogany">ffc04000</color>
	<color name="0% Transparent Mainblue">FF00b8ff</color>
	<color name="0% Transparent Maize">fffbec5d</color>
	<color name="0% Transparent Majorelle Blue">ff6050dc</color>
	<color name="0% Transparent Malachite">ff0bda51</color>
	<color name="0% Transparent Manatee">ff979aaa</color>
	<color name="0% Transparent Mango Tango">ffff8243</color>
	<color name="0% Transparent Mantis">ff74c365</color>
	<color name="0% Transparent Maroon (HTML/CSS)">ff800000</color>
	<color name="0% Transparent Maroon (X11)">ffb03060</color>
	<color name="0% Transparent Mauve">ffe0b0ff</color>
	<color name="0% Transparent Mauve Taupe">ff915f6d</color>
	<color name="0% Transparent Mauvelous">ffef98aa</color>
	<color name="0% Transparent Maya Blue">ff73c2fb</color>
	<color name="0% Transparent Meat Brown">ffe5b73b</color>
	<color name="0% Transparent Medium Aquamarine">ff66ddaa</color>
	<color name="0% Transparent Medium Blue">ff0000cd</color>
	<color name="0% Transparent Medium Candy Apple Red">ffe2062c</color>
	<color name="0% Transparent Medium Carmine">ffaf4035</color>
	<color name="0% Transparent Medium Champagne">fff3e5ab</color>
	<color name="0% Transparent Medium Electric Blue">ff035096</color>
	<color name="0% Transparent Medium Jungle Green">ff1c352d</color>
	<color name="0% Transparent Medium Lavender Magenta">ffdda0dd</color>
	<color name="0% Transparent Medium Orchid">ffba55d3</color>
	<color name="0% Transparent Medium Persian Blue">ff0067a5</color>
	<color name="0% Transparent Medium Purple">ff9370db</color>
	<color name="0% Transparent Medium Red-Violet">ffbb3385</color>
	<color name="0% Transparent Medium Sea Green">ff3cb371</color>
	<color name="0% Transparent Medium Slate Blue">ff7b68ee</color>
	<color name="0% Transparent Medium Spring Bud">ffc9dc87</color>
	<color name="0% Transparent Medium Spring Green">ff00fa9a</color>
	<color name="0% Transparent Medium Taupe">ff674c47</color>
	<color name="0% Transparent Medium Teal Blue">ff0054b4</color>
	<color name="0% Transparent Medium Turquoise">ff48d1cc</color>
	<color name="0% Transparent Medium Violet-Red">ffc71585</color>
	<color name="0% Transparent Melon">fffdbcb4</color>
	<color name="0% Transparent Midnight Blue">ff191970</color>
	<color name="0% Transparent Midnight Green (Eagle Green)">ff004953</color>
	<color name="0% Transparent Mikado Yellow">ffffc40c</color>
	<color name="0% Transparent Mint">ff3eb489</color>
	<color name="0% Transparent Mint Cream">fff5fffa</color>
	<color name="0% Transparent Mint Green">ff98ff98</color>
	<color name="0% Transparent Misty Rose">ffffe4e1</color>
	<color name="0% Transparent Moccasin">fffaebd7</color>
	<color name="0% Transparent Mode Beige">ff967117</color>
	<color name="0% Transparent Moonstone Blue">ff73a9c2</color>
	<color name="0% Transparent Mordant Red 19">ffae0c00</color>
	<color name="0% Transparent Moss Green">ffaddfad</color>
	<color name="0% Transparent Mountain Meadow">ff30ba8f</color>
	<color name="0% Transparent Mountbatten Pink">ff997a8d</color>
	<color name="0% Transparent Mulberry">ffc54b8c</color>
	<color name="0% Transparent Munsell">fff2f3f4</color>
	<color name="0% Transparent Mustard">ffffdb58</color>
	<color name="0% Transparent Myrtle">ff21421e</color>
	<color name="0% Transparent MSU Green">ff18453b</color>
	<color name="0% Transparent Nadeshiko Pink">fff6adc6</color>
	<color name="0% Transparent Napier Green">ff2a8000</color>
	<color name="0% Transparent Naples Yellow">fffada5e</color>
	<color name="0% Transparent Navajo White">ffffdead</color>
	<color name="0% Transparent Navy Blue">ff000080</color>
	<color name="0% Transparent Neon Carrot">ffffa343</color>
	<color name="0% Transparent Neon Fuchsia">fffe59c2</color>
	<color name="0% Transparent Neon Green">ff39ff14</color>
	<color name="0% Transparent Non-Photo Blue">ffa4dded</color>
	<color name="0% Transparent North Texas Green">ff059033</color>
	<color name="0% Transparent Ocean Boat Blue">ff0077be</color>
	<color name="0% Transparent Ochre">ffcc7722</color>
	<color name="0% Transparent Office Green">ff008000</color>
	<color name="0% Transparent Old Gold">ffcfb53b</color>
	<color name="0% Transparent Old Lace">fffdf5e6</color>
	<color name="0% Transparent Old Lavender">ff796878</color>
	<color name="0% Transparent Old Mauve">ff673147</color>
	<color name="0% Transparent Old Rose">ffc08081</color>
	<color name="0% Transparent Olive">ff808000</color>
	<color name="0% Transparent Olive Drab (Web) (Olive Drab #3)">ff6b8e23</color>
	<color name="0% Transparent Olive Drab #7">ff3c341f</color>
	<color name="0% Transparent Olivine">ff9ab973</color>
	<color name="0% Transparent Onyx">ff0f0f0f</color>
	<color name="0% Transparent Opera Mauve">ffb784a7</color>
	<color name="0% Transparent Orange (RYB)">fffb9902</color>
	<color name="0% Transparent Orange (Web Color)">ffffa500</color>
	<color name="0% Transparent Orange Peel">ffff9f00</color>
	<color name="0% Transparent Orange-Red">ffff4500</color>
	<color name="0% Transparent Orchid">ffda70d6</color>
	<color name="0% Transparent Otter Brown">ff654321</color>
	<color name="0% Transparent Outer Space">ff414a4c</color>
	<color name="0% Transparent Outrageous Orange">ffff6e4a</color>
	<color name="0% Transparent Oxford Blue">ff002147</color>
	<color name="0% Transparent OU Crimson Red">ff990000</color>
	<color name="0% Transparent Pakistan Green">ff006600</color>
	<color name="0% Transparent Palatinate Blue">ff273be2</color>
	<color name="0% Transparent Palatinate Purple">ff682860</color>
	<color name="0% Transparent Pale Aqua">ffbcd4e6</color>
	<color name="0% Transparent Pale Blue">ffafeeee</color>
	<color name="0% Transparent Pale Brown">ff987654</color>
	<color name="0% Transparent Pale Carmine">ffaf4035</color>
	<color name="0% Transparent Pale Cerulean">ff9bc4e2</color>
	<color name="0% Transparent Pale Chestnut">ffddadaf</color>
	<color name="0% Transparent Pale Copper">ffda8a67</color>
	<color name="0% Transparent Pale Cornflower Blue">ffabcdef</color>
	<color name="0% Transparent Pale Gold">ffe6be8a</color>
	<color name="0% Transparent Pale Goldenrod">ffeee8aa</color>
	<color name="0% Transparent Pale Green">ff98fb98</color>
	<color name="0% Transparent Pale Lavender">ffdcd0ff</color>
	<color name="0% Transparent Pale Magenta">fff984e5</color>
	<color name="0% Transparent Pale Pink">fffadadd</color>
	<color name="0% Transparent Pale Plum">ffdda0dd</color>
	<color name="0% Transparent Pale Red-Violet">ffdb7093</color>
	<color name="0% Transparent Pale Robin Egg Blue">ff96ded1</color>
	<color name="0% Transparent Pale Silver">ffc9c0bb</color>
	<color name="0% Transparent Pale Spring Bud">ffecebbd</color>
	<color name="0% Transparent Pale Taupe">ffbc987e</color>
	<color name="0% Transparent Pale Violet-Red">ffdb7093</color>
	<color name="0% Transparent Pansy Purple">ff78184a</color>
	<color name="0% Transparent Papaya Whip">ffffefd5</color>
	<color name="0% Transparent Paris Green">ff50c878</color>
	<color name="0% Transparent Pastel Blue">ffaec6cf</color>
	<color name="0% Transparent Pastel Brown">ff836953</color>
	<color name="0% Transparent Pastel Gray">ffcfcfc4</color>
	<color name="0% Transparent Pastel Green">ff77dd77</color>
	<color name="0% Transparent Pastel Magenta">fff49ac2</color>
	<color name="0% Transparent Pastel Orange">ffffb347</color>
	<color name="0% Transparent Pastel Pink">ffffd1dc</color>
	<color name="0% Transparent Pastel Purple">ffb39eb5</color>
	<color name="0% Transparent Pastel Red">ffff6961</color>
	<color name="0% Transparent Pastel Violet">ffcb99c9</color>
	<color name="0% Transparent Pastel Yellow">fffdfd96</color>
	<color name="0% Transparent Patriarch">ff800080</color>
	<color name="0% Transparent Payne's Grey">ff40404f</color>
	<color name="0% Transparent Peach">ffffe5b4</color>
	<color name="0% Transparent Peach-Orange">ffffcc99</color>
	<color name="0% Transparent Peach Puff">ffffdab9</color>
	<color name="0% Transparent Peach-Yellow">fffadfad</color>
	<color name="0% Transparent Pear">ffd1e231</color>
	<color name="0% Transparent Pearl">ffeae0c8</color>
	<color name="0% Transparent Pearl Aqua">ff88d8c0</color>
	<color name="0% Transparent Peridot">ffe6e200</color>
	<color name="0% Transparent Periwinkle">ffccccff</color>
	<color name="0% Transparent Persian Blue">ff1c39bb</color>
	<color name="0% Transparent Persian Green">ff00a693</color>
	<color name="0% Transparent Persian Indigo">ff32127a</color>
	<color name="0% Transparent Persian Orange">ffd99058</color>
	<color name="0% Transparent Persian Pink">fff77fbe</color>
	<color name="0% Transparent Persian Plum">ff701c1c</color>
	<color name="0% Transparent Persian Red">ffcc3333</color>
	<color name="0% Transparent Persian Rose">fffe28a2</color>
	<color name="0% Transparent Phlox">ffdf00ff</color>
	<color name="0% Transparent Phthalo Blue">ff000f89</color>
	<color name="0% Transparent Phthalo Green">ff123524</color>
	<color name="0% Transparent Piggy Pink">fffddde6</color>
	<color name="0% Transparent Pine Green">ff01796f</color>
	<color name="0% Transparent Pink">ffffc0cb</color>
	<color name="0% Transparent Pink-Orange">ffff9966</color>
	<color name="0% Transparent Pink Pearl">ffe7accf</color>
	<color name="0% Transparent Pink Sherbet">fff78fa7</color>
	<color name="0% Transparent Pistachio">ff93c572</color>
	<color name="0% Transparent Platinum">ffe5e4e2</color>
	<color name="0% Transparent Plum (Traditional)">ff8e4585</color>
	<color name="0% Transparent Plum (Web)">ffdda0dd</color>
	<color name="0% Transparent Portland Orange">ffff5a36</color>
	<color name="0% Transparent Powder Blue (Web)">ffb0e0e6</color>
	<color name="0% Transparent Princeton Orange">ffff8f00</color>
	<color name="0% Transparent Prune">ff701c1c</color>
	<color name="0% Transparent Prussian Blue">ff003153</color>
	<color name="0% Transparent Psychedelic Purple">ffdf00ff</color>
	<color name="0% Transparent Puce">ffcc8899</color>
	<color name="0% Transparent Pumpkin">ffff7518</color>
	<color name="0% Transparent Purple (HTML/CSS)">ff800080</color>
	<color name="0% Transparent Purple (Munsell)">ff9f00c5</color>
	<color name="0% Transparent Purple (X11)">ffa020f0</color>
	<color name="0% Transparent Purple Heart">ff69359c</color>
	<color name="0% Transparent Purple Mountain Majesty">ff9678b6</color>
	<color name="0% Transparent Purple Pizzazz">fffe4eda</color>
	<color name="0% Transparent Purple Taupe">ff50404d</color>
	<color name="0% Transparent Quartz">ff51484f</color>
	<color name="0% Transparent Radical Red">ffff355e</color>
	<color name="0% Transparent Raspberry">ffe30b5d</color>
	<color name="0% Transparent Raspberry Glace">ff915f6d</color>
	<color name="0% Transparent Raspberry Pink">ffe25098</color>
	<color name="0% Transparent Raspberry Rose">ffb3446c</color>
	<color name="0% Transparent Raw Umber">ff826644</color>
	<color name="0% Transparent Razzle Dazzle Rose">ffff33cc</color>
	<color name="0% Transparent Razzmatazz">ffe3256b</color>
	<color name="0% Transparent Red">ffff0000</color>
	<color name="0% Transparent Red (Munsell)">fff2003c</color>
	<color name="0% Transparent Red (NCS)">ffc40233</color>
	<color name="0% Transparent Red (Pigment)">ffed1c24</color>
	<color name="0% Transparent Red (RYB)">fffe2712</color>
	<color name="0% Transparent Red-Brown">ffa52a2a</color>
	<color name="0% Transparent Red-Violet">ffc71585</color>
	<color name="0% Transparent Redwood">ffab4e52</color>
	<color name="0% Transparent Rich Black">ff004040</color>
	<color name="0% Transparent Rich Brilliant Lavender">fff1a7fe</color>
	<color name="0% Transparent Rich Carmine">ffd70040</color>
	<color name="0% Transparent Rich Electric Blue">ff0892d0</color>
	<color name="0% Transparent Rich Lavender">ffa76bcf</color>
	<color name="0% Transparent Rich Lilac">ffb666d2</color>
	<color name="0% Transparent Rich Maroon">ffb03060</color>
	<color name="0% Transparent Rifle Green">ff414833</color>
	<color name="0% Transparent Robin Egg Blue">ff00cccc</color>
	<color name="0% Transparent Rose">ffff007f</color>
	<color name="0% Transparent Rose Bonbon">fff9429e</color>
	<color name="0% Transparent Rose Ebony">ff674846</color>
	<color name="0% Transparent Rose Gold">ffb76e79</color>
	<color name="0% Transparent Rose Madder">ffe32636</color>
	<color name="0% Transparent Rose Pink">ffff66cc</color>
	<color name="0% Transparent Rose Quartz">ffaa98a9</color>
	<color name="0% Transparent Rose Taupe">ff905d5d</color>
	<color name="0% Transparent Rose Vale">ffab4e52</color>
	<color name="0% Transparent Rosewood">ff65000b</color>
	<color name="0% Transparent Rosso Corsa">ffd40000</color>
	<color name="0% Transparent Rosy Brown">ffbc8f8f</color>
	<color name="0% Transparent Royal Azure">ff0038a8</color>
	<color name="0% Transparent Royal Blue (Traditional)">ff002366</color>
	<color name="0% Transparent Royal Blue (Web)">ff4169e1</color>
	<color name="0% Transparent Royal Fuchsia">ffca2c92</color>
	<color name="0% Transparent Royal Purple">ff7851a9</color>
	<color name="0% Transparent Ruby">ffe0115f</color>
	<color name="0% Transparent Ruddy">ffff0028</color>
	<color name="0% Transparent Ruddy Brown">ffbb6528</color>
	<color name="0% Transparent Ruddy Pink">ffe18e96</color>
	<color name="0% Transparent Rufous">ffa81c07</color>
	<color name="0% Transparent Russet">ff80461b</color>
	<color name="0% Transparent Rust">ffb7410e</color>
	<color name="0% Transparent Sacramento State Green">ff00563f</color>
	<color name="0% Transparent Saddle Brown">ff8b4513</color>
	<color name="0% Transparent Safety Orange (Blaze Orange)">ffff6700</color>
	<color name="0% Transparent Saffron">fff4c430</color>
	<color name="0% Transparent St. Patrick's Blue">ff23297a</color>
	<color name="0% Transparent Salmon">ffff8c69</color>
	<color name="0% Transparent Salmon Pink">ffff91a4</color>
	<color name="0% Transparent Sand">ffc2b280</color>
	<color name="0% Transparent Sand Dune">ff967117</color>
	<color name="0% Transparent Sandstorm">ffecd540</color>
	<color name="0% Transparent Sandy Brown">fff4a460</color>
	<color name="0% Transparent Sandy Taupe">ff967117</color>
	<color name="0% Transparent Sap Green">ff507d2a</color>
	<color name="0% Transparent Sapphire">ff0f52ba</color>
	<color name="0% Transparent Satin Sheen Gold">ffcba135</color>
	<color name="0% Transparent Scarlet">ffff2400</color>
	<color name="0% Transparent Scarlet (Crayola)">ffff2400</color>
	<color name="0% Transparent School Bus Yellow">ffffd800</color>
	<color name="0% Transparent Screamin' Green">ff76ff7a</color>
	<color name="0% Transparent Sea Green">ff2e8b57</color>
	<color name="0% Transparent Seal Brown">ff321414</color>
	<color name="0% Transparent Seashell">fffff5ee</color>
	<color name="0% Transparent Selective Yellow">ffffba00</color>
	<color name="0% Transparent Sepia">ff704214</color>
	<color name="0% Transparent Shadow">ff8a795d</color>
	<color name="0% Transparent Shamrock Green">ff009e60</color>
	<color name="0% Transparent Shocking Pink">fffc0fc0</color>
	<color name="0% Transparent Sienna">ff882d17</color>
	<color name="0% Transparent Silver">ffc0c0c0</color>
	<color name="0% Transparent Sinopia">ffcb410b</color>
	<color name="0% Transparent Skobeloff">ff007474</color>
	<color name="0% Transparent Sky Blue">ff87ceeb</color>
	<color name="0% Transparent Sky Magenta">ffcf71af</color>		
	<color name="0% Transparent Slate Blue">ff6a5acd</color>
	<color name="0% Transparent Slate Gray">ff708090</color>
	<color name="0% Transparent Smalt (Dark Powder Blue)">ff003399</color>
	<color name="0% Transparent Smokey Topaz">ff933d41</color>
	<color name="0% Transparent Smoky Black">ff100c08</color>
	<color name="0% Transparent Snow">fffffafa</color>
	<color name="0% Transparent Spiro Disco Ball">ff0fc0fc</color>
	<color name="0% Transparent Splashed White">fffefdff</color>
	<color name="0% Transparent Spring Bud">ffa7fc00</color>
	<color name="0% Transparent Spring Green">ff00ff7f</color>
	<color name="0% Transparent Steel Blue">ff4682b4</color>
	<color name="0% Transparent Stil De Grain Yellow">fffada5e</color>
	<color name="0% Transparent Stizza">ff990000</color>
	<color name="0% Transparent Straw">ffe4d96f</color>
	<color name="0% Transparent Sunglow">ffffcc33</color>
	<color name="0% Transparent Sunset">fffad6a5</color>
	<color name="0% Transparent Tan">ffd2b48c</color>
	<color name="0% Transparent Tangelo">fff94d00</color>
	<color name="0% Transparent Tangerine">fff28500</color>
	<color name="0% Transparent Tangerine Yellow">ffffcc00</color>
	<color name="0% Transparent Taupe">ff483c32</color>
	<color name="0% Transparent Taupe Gray">ff8b8589</color>
	<color name="0% Transparent Tea Green">ffd0f0c0</color>
	<color name="0% Transparent Tea Rose (Orange)">fff88379</color>
	<color name="0% Transparent Tea Rose (Rose)">fff4c2c2</color>
	<color name="0% Transparent Teal">ff008080</color>
	<color name="0% Transparent Teal Blue">ff367588</color>
	<color name="0% Transparent Teal Green">ff006d5b</color>
	<color name="0% Transparent Tenne (Tawny)">ffcd5700</color>
	<color name="0% Transparent Terra Cotta">ffe2725b</color>
	<color name="0% Transparent Thistle">ffd8bfd8</color>
	<color name="0% Transparent Thulian Pink">ffde6fa1</color>
	<color name="0% Transparent Tickle Me Pink">fffc89ac</color>
	<color name="0% Transparent Tiffany Blue">ff0abab5</color>
	<color name="0% Transparent Tiger's Eye">ffe08d3c</color>
	<color name="0% Transparent Timberwolf">ffdbd7d2</color>
	<color name="0% Transparent Titanium Yellow">ffeee600</color>		
	<color name="0% Transparent Tomato">ffff6347</color>
	<color name="0% Transparent Toolbox">ff746cc0</color>
	<color name="0% Transparent Topaz">ffffc87c</color>
	<color name="0% Transparent Tractor Red">fffd0e35</color>
	<color name="0% Transparent Trolley Grey">ff808080</color>
	<color name="0% Transparent Tropical Rain Forest">ff00755e</color>
	<color name="0% Transparent True Blue">ff0073cf</color>
	<color name="0% Transparent Tufts Blue">ff417dc1</color>
	<color name="0% Transparent Tumbleweed">ffdeaa88</color>
	<color name="0% Transparent Turkish Rose">ffb57281</color>
	<color name="0% Transparent Turquoise">ff30d5c8</color>
	<color name="0% Transparent Turquoise Blue">ff00ffef</color>
	<color name="0% Transparent Turquoise Green">ffa0d6b4</color>
	<color name="0% Transparent Tuscan Red">ff66424d</color>
	<color name="0% Transparent Twilight Lavender">ff8a496b</color>
	<color name="0% Transparent Tyrian Purple">ff66023c</color>
	<color name="0% Transparent UA Blue">ff0033aa</color>
	<color name="0% Transparent UA Red">ffd9004c</color>
	<color name="0% Transparent Ube">ff8878c3</color>
	<color name="0% Transparent UCLA Blue">ff536895</color>
	<color name="0% Transparent UCLA Gold">ffffb300</color>
	<color name="0% Transparent UFO Green">ff3cd070</color>
	<color name="0% Transparent Ultramarine">ff120a8f</color>
	<color name="0% Transparent Ultramarine Blue">ff4166f5</color>
	<color name="0% Transparent Ultra Pink">ffff6fff</color>
	<color name="0% Transparent Umber">ff635147</color>
	<color name="0% Transparent United Nations Blue">ff5b92e5</color>
	<color name="0% Transparent University Of California Gold">ffb78727</color>
	<color name="0% Transparent Unmellow Yellow">ffffff66</color>
	<color name="0% Transparent UP Forest Green">ff014421</color>
	<color name="0% Transparent UP Maroon">ff7b1113</color>
	<color name="0% Transparent Upsdell Red">ffae2029</color>		
	<color name="0% Transparent Urobilin">ffe1ad21</color>
	<color name="0% Transparent USC Cardinal">ff990000</color>
	<color name="0% Transparent USC Gold">ffffcc00</color>
	<color name="0% Transparent Utah Crimson">ffd3003f</color>
	<color name="0% Transparent Vanilla">fff3e5ab</color>
	<color name="0% Transparent Vegas Gold">ffc5b358</color>
	<color name="0% Transparent Venetian Red">ffc80815</color>
	<color name="0% Transparent Verdigris">ff43b3ae</color>
	<color name="0% Transparent Vermilion">ffe34234</color>
	<color name="0% Transparent Veronica">ffa020f0</color>
	<color name="0% Transparent Violet">ff8f00ff</color>
	<color name="0% Transparent Violet (Color Wheel)">ff7f00ff</color>
	<color name="0% Transparent Violet (RYB)">ff8601af</color>
	<color name="0% Transparent Violet (Web)">ffee82ee</color>
	<color name="0% Transparent Viridian">ff40826d</color>
	<color name="0% Transparent Vivid Auburn">ff922724</color>
	<color name="0% Transparent Vivid Burgundy">ff9f1d35</color>
	<color name="0% Transparent Vivid Cerise">ffda1d81</color>
	<color name="0% Transparent Vivid Tangerine">ffffa089</color>
	<color name="0% Transparent Vivid Violet">ff9f00ff</color>
	<color name="0% Transparent Warm Black">ff004242</color>
	<color name="0% Transparent Wenge">ff645452</color>
	<color name="0% Transparent Wheat">fff5deb3</color>
	<color name="0% Transparent White">ffffffff</color>
	<color name="0% Transparent White Smoke">fff5f5f5</color>
	<color name="0% Transparent Wild Blue Yonder">ffa2add0</color>
	<color name="0% Transparent Wild Strawberry">ffff43a4</color>
	<color name="0% Transparent Wild Watermelon">fffc6c85</color>
	<color name="0% Transparent Wine">ff722f37</color>
	<color name="0% Transparent Wisteria">ffc9a0dc</color>
	<color name="0% Transparent Xanadu">ff738678</color>
	<color name="0% Transparent Yale Blue">ff0f4d92</color>
	<color name="0% Transparent Yellow">ffffff00</color>
	<color name="0% Transparent Yellow (Munsell)">ffefcc00</color>
	<color name="0% Transparent Yellow (NCS)">ffffd300</color>
	<color name="0% Transparent Yellow (Process)">ffffef00</color>
	<color name="0% Transparent Yellow (RYB)">fffefe33</color>
	<color name="0% Transparent Yellow-Green">ff9acd32</color>
	<color name="0% Transparent Yellow Orange">ffffae42</color>
	<color name="0% Transparent Zaffre">ff0014a8</color>
	<color name="0% Transparent Zinnwaldite Brown">ff2c1608</color>
</colors>