<?xml version="1.0" encoding="utf-8"?>
<window>
    <defaultcontrol>9000</defaultcontrol>
    <onload>SetFocus(9000,0)</onload>

    <!-- 1) On load, set the seeded countdown property from the user’s setting -->
    <onload condition="!Skin.HasSetting(disableautoscrollmoviemetadata)">SetProperty(ItemListCountDownTimerMovie,$INFO[Skin.String(moviemetascrollingdelayvaluevarb)],Home)</onload>
    <onload condition="!Skin.HasSetting(disableautoscrollpersonmetadata)">SetProperty(ItemListCountDownTimerPerson,$INFO[Skin.String(personmetascrollingdelayvaluevarb)],Home)</onload>

    <!-- 2) Single AlarmClock: calls your decrement script every second to both handle the countdown label and do Control.Move(9004,1) at 0 -->
    <!-- <onload condition="!Skin.HasSetting(disableautoscrollmoviemetadata)">AlarmClock(MetaData_Slide_Movie,RunScript(special://home/addons/skin.madnox/extras/scripts/script_decrement.py),00:01,silent,loop)</onload> -->
    <!-- <onload condition="!Skin.HasSetting(disableautoscrollpersonmetadata)">AlarmClock(MetaData_Slide_Person,RunScript(special://home/addons/skin.madnox/extras/scripts/script_decrement.py),00:01,silent,loop)</onload> -->

    <onload condition="!Skin.HasSetting(disableautoscrollmoviemetadata)">AlarmClock(MetaData_Slide_Movie,RunScript(special://home/addons/skin.madnox/extras/scripts/script_decrement_movie.py),00:01,silent,loop)</onload>
    <onload condition="!Skin.HasSetting(disableautoscrollpersonmetadata)">AlarmClock(MetaData_Slide_Person,RunScript(special://home/addons/skin.madnox/extras/scripts/script_decrement_person.py),00:01,silent,loop)</onload>
    

    <!-- EMBUARY / BLUR / ETC. -->
    <onload condition="System.AddonIsEnabled(script.embuary.helper) + Skin.HasSetting(BlurEnabled) + !String.IsEqual(ListItem.DBType,musicvideo) + Skin.HasSetting(VideoBlurEnabled)">RunScript(script.embuary.helper,action=blurimg,file=$ESCINFO[ListItem.Art(thumb)],prop=blurthumb,radius=2)</onload>
    <onload condition="System.AddonIsEnabled(script.embuary.helper) + Skin.HasSetting(BlurEnabled) + String.IsEqual(ListItem.DBType,musicvideo) + Skin.HasSetting(MusicBlurEnabled)">RunScript(script.embuary.helper,action=blurimg,file=$ESCINFO[ListItem.Art(thumb)],prop=blurthumb,radius=2)</onload>
    <onload condition="System.AddonIsEnabled(script.embuary.helper) + String.IsEqual(ListItem.DBTYPE,movie)">RunScript(script.embuary.helper,action=split,value='$ESCINFO[ListItem.Writer]',separator='" / "',prop=Writer)</onload>
    <onload condition="System.AddonIsEnabled(script.embuary.helper)">RunScript(script.embuary.helper,action=resetposition,container=1010||1020||1040||1050||1060||1070||1080||1090||9002)</onload>
    <onload condition="System.AddonIsEnabled(script.embuary.helper) + !String.IsEqual(ListItem.DBTYPE,musicvideo)">RunScript(script.embuary.helper,action=encode,string=$INFO[ListItem.Title],prop=TitleEncoded)</onload>
    <onload condition="System.AddonIsEnabled(script.embuary.helper) + !String.IsEqual(ListItem.DBTYPE,musicvideo)">RunScript(script.embuary.helper,action=encode,string=$INFO[ListItem.TVShowTitle],prop=TVShowTitleEncoded)</onload>

    <!-- Person metadata scroll (left unchanged) -->
    <!-- <onload condition="!Skin.HasSetting(disableautoscrollpersonmetadata)">AlarmClock(MetaData_Slide_Person,Control.Move(9002,1),$VAR[PersonMetaScrollingDelayVarB],silent,loop)</onload> -->

    <controls>
        <!-- Common includes, blur handling, etc. -->
        <include content="DialogInfoCommon">
            <param name="blur">Skin.HasSetting(VideoBlurEnabled)</param>
            <param name="art">$VAR[PosterVar]</param>
        </include>

        <control type="group">
            <visible>!Window.IsVisible(script-tmdbhelper-recommendations.xml)</visible>
            <include>AnimationInfoDialog</include>
            <include condition="!String.IsEqual(ListItem.DBType,musicvideo)">DialogVideoInfo</include>
            <include condition="String.IsEqual(ListItem.DBType,musicvideo)">DialogMusicInfo</include>
        </control>
    </controls>

    <!-- 3) On unload: cancel the unified AlarmClock for movies and the person metadata alarm -->
    <onunload>CancelAlarm(MetaData_Slide_Movie,true)</onunload>
    <onunload>CancelAlarm(MetaData_Slide_Person,true)</onunload>
</window>
