<?xml version="1.0" encoding="UTF-8"?>
<includes>
	<!-- Now playing Home/Video OSD -->
	<include name="NowPlayingHomePortraitContent">
		<param name="right">10</param>
		<param name="logo">false</param>
		<param name="case">false</param>
		<param name="discart">false</param>
		<param name="aspect">stretch</param>
		<definition>
			<control type="group">
				<left>256</left>
				<right>$PARAM[right]</right>
				<height>388</height>
				<control type="group">
					<animation effect="slide" end="97,0" time="300" condition="!Player.Paused + $PARAM[discart] + Skin.String(NowPlayingVideoDiscArtFallback,none) + !String.IsEmpty(Player.Art(discart))">Conditional</animation>
					<animation effect="slide" end="97,0" time="300" condition="!Player.Paused + $PARAM[discart] + !Skin.String(NowPlayingVideoDiscArtFallback,none)">Conditional</animation>
					<control type="fadelabel" id="9052">
						<visible>!VideoPlayer.Content(movies)</visible>
						<top>26</top>
						<left>50</left>
						<height>40</height>
						<font>Font34_Reg</font>
						<label>$VAR[NowPlayingInfo1Var]</label>
						<textcolor>$VAR[PanelTextColorVar]</textcolor>
					</control>
					<control type="image">
						<visible>!VideoPlayer.Content(movies)</visible>
						<top>72</top>
						<left>0</left>
						<width>500</width>
						<height>4</height>
						<texture colordiffuse="$VAR[PanelListSeparatorColorVar]">panels/separator.png</texture>
					</control>
					<control type="fadelabel">
						<visible>!VideoPlayer.Content(movies)</visible>
						<top>74</top>
						<left>50</left>
						<height>40</height>
						<font>Font28_Reg</font>
						<label>$VAR[NowPlayingInfo2Var]</label>
						<textcolor>$VAR[PanelSubTextColorVar]</textcolor>
					</control>
					<control type="image">
						<visible>$PARAM[logo]</visible>
						<include>AnimationVisibleFade</include>
						<top>125</top>
						<width>500</width>
						<bottom>125</bottom>
						<bordersize>48,0,0,0</bordersize>
						<texture>$VAR[NowPlayingLogoVar]</texture>
						<aspectratio align="left">keep</aspectratio>
					</control>
				</control>
				<control type="label">
					<left>50</left>
					<bottom>76</bottom>
					<height>40</height>
					<font>Font28_Reg</font>
					<label>$VAR[NowPlayingStatusVar]</label>
					<textcolor>$VAR[PanelHighlightColorVar]</textcolor>
				</control>
				<control type="image">
					<width>18</width>
					<height>36</height>
					<bottom>30</bottom>
					<texture colordiffuse="$VAR[PanelListSeparatorColorVar]">panels/nowplaying.png</texture>
				</control>
				<control type="fadelabel">
					<left>50</left>
					<height>40</height>
					<bottom>29</bottom>
					<font>Font34_Reg</font>
					<textcolor>$VAR[PanelTextColorVar]</textcolor>
					<label>$INFO[MusicPlayer.TrackNumber,,. ]$INFO[Player.Title,, ]$INFO[VideoPlayer.Year,(,)]</label>
				</control>
			</control>
			<control type="image">
				<visible>$PARAM[discart]</visible>
				<animation effect="slide" end="112,0" time="300" condition="!Player.Paused">Conditional</animation>
				<animation effect="rotate" end="360" center="auto" time="800" loop="true" condition="Player.Rewinding">Conditional</animation>
				<animation effect="rotate" end="-360" center="auto" time="800" loop="true" condition="Player.Forwarding">Conditional</animation>
				<animation effect="rotate" end="-360" center="auto" time="4800" loop="true" condition="!Player.Paused + !Player.Forwarding + !Player.Rewinding">Conditional</animation>
				<include>AnimationVisibleFade</include>
				<top>10</top>
				<left>10</left>
				<width>266</width>
				<height>266</height>
				<aspectratio>keep</aspectratio>
				<bordersize>10</bordersize>
				<texture diffuse="diffuse/disc.png">$VAR[NowPlayingVideoDiscArtVar]</texture>
			</control>
			<control type="group">
				<width>266</width>
				<height>388</height>
				<control type="image">
					<bordersize>10</bordersize>
					<texture colordiffuse="ff000000" border="10">buttons/thumb-select-focus.png</texture>
				</control>
				<control type="image">
					<visible>!$PARAM[case]</visible>
					<bordersize>10</bordersize>
					<texture diffuse="diffuse/rounded5-327x327.png">$VAR[NowPlayingThumbVar]</texture>
					<aspectratio align="center" aligny="center" scalediffuse="false">$PARAM[aspect]</aspectratio>
				</control>
				<control type="image">
					<visible>$PARAM[case]</visible>
					<bordersize>16,36,16,18</bordersize>
					<texture>$VAR[NowPlayingThumbVar]</texture>
					<aspectratio align="center" aligny="center" scalediffuse="false">$PARAM[aspect]</aspectratio>
				</control>
				<control type="image">
					<visible>!$PARAM[case]</visible>
					<texture border="20">thumbs/overlay.png</texture>
				</control>
				<control type="image">
					<visible>$PARAM[case]</visible>
					<texture border="15">$VAR[NowPlayingCaseVar]</texture>
				</control>
			</control>
		</definition>
	</include>
	<include name="NowPlayingHomeSquareContent">
		<param name="right">10</param>
		<param name="logo">false</param>
		<param name="case">false</param>
		<param name="discart">false</param>
		<param name="aspect">scale</param>
		<definition>
			<control type="group">
				<top>41</top>
				<left>336</left>
				<right>$PARAM[right]</right>
				<height>347</height>
				<animation effect="slide" end="27,0" condition="$PARAM[case]">Conditional</animation>
				<animation effect="slide" end="115,0" time="300" condition="!Player.Paused + $PARAM[discart] + Skin.String(NowPlayingMusicDiscArtFallback,none) + [!String.IsEmpty(Player.Art(discart)) | !String.IsEmpty(Player.Art(album.discart))]">Conditional</animation>
				<animation effect="slide" end="115,0" time="300" condition="!Player.Paused + $PARAM[discart] + !Skin.String(NowPlayingMusicDiscArtFallback,none)">Conditional</animation>
				<control type="fadelabel" id="9052">
					<top>26</top>
					<left>50</left>
					<height>40</height>
					<font>Font34_Reg</font>
					<label>$VAR[NowPlayingInfo1Var]</label>
					<textcolor>$VAR[PanelTextColorVar]</textcolor>
				</control>
				<control type="image">
					<visible>!String.IsEmpty(Control.GetLabel(9052)) | !String.IsEmpty(Control.GetLabel(9053))</visible>
					<top>72</top>
					<left>0</left>
					<width>500</width>
					<height>4</height>
					<texture colordiffuse="$VAR[PanelListSeparatorColorVar]">panels/separator.png</texture>
				</control>
				<control type="fadelabel" id="9053">
					<top>74</top>
					<left>50</left>
					<height>40</height>
					<font>Font28_Reg</font>
					<label>$VAR[NowPlayingInfo2Var]</label>
					<textcolor>$VAR[PanelSubTextColorVar]</textcolor>
				</control>
				<control type="image">
					<visible>$PARAM[logo]</visible>
					<include>AnimationVisibleFade</include>
					<top>125</top>
					<width>500</width>
					<bottom>125</bottom>
					<bordersize>48,0,0,0</bordersize>
					<texture>$VAR[NowPlayingLogoVar]</texture>
					<aspectratio align="left">keep</aspectratio>
				</control>
				<control type="label">
					<left>50</left>
					<bottom>76</bottom>
					<height>40</height>
					<font>Font28_Reg</font>
					<label>$VAR[NowPlayingStatusVar]</label>
					<textcolor>$VAR[PanelHighlightColorVar]</textcolor>
				</control>
				<control type="image">
					<width>18</width>
					<height>36</height>
					<bottom>30</bottom>
					<texture colordiffuse="$VAR[PanelListSeparatorColorVar]">panels/nowplaying.png</texture>
				</control>
				<control type="fadelabel">
					<left>50</left>
					<height>40</height>
					<bottom>29</bottom>
					<font>Font34_Reg</font>
					<textcolor>$VAR[PanelTextColorVar]</textcolor>
					<label>$INFO[MusicPlayer.TrackNumber,,. ]$INFO[Player.Title,, ]$INFO[VideoPlayer.Year,(,)]</label>
				</control>
			</control>
			<control type="group">
				<top>41</top>
				<left>0</left>
				<width>347</width>
				<height>347</height>
				<animation effect="slide" end="27,0" condition="$PARAM[case]">Conditional</animation>
				<control type="image">
					<visible>$PARAM[discart]</visible>
					<animation effect="slide" end="143,0" time="300" condition="!Player.Paused">Conditional</animation>
					<animation effect="rotate" end="360" center="auto" time="800" loop="true" condition="Player.Rewinding">Conditional</animation>
					<animation effect="rotate" end="-360" center="auto" time="800" loop="true" condition="Player.Forwarding">Conditional</animation>
					<animation effect="rotate" end="-360" center="auto" time="4800" loop="true" condition="!Player.Paused + !Player.Forwarding + !Player.Rewinding">Conditional</animation>
					<include>AnimationVisibleFade</include>
					<left>20</left>
					<width>347</width>
					<height>347</height>
					<aspectratio>keep</aspectratio>
					<bordersize>20</bordersize>
					<texture diffuse="diffuse/disc.png">$VAR[NowPlayingMusicDiscArtVar]</texture>
				</control>
				<control type="group">
					<visible>!$PARAM[case]</visible>
					<control type="image">
						<bordersize>10</bordersize>
						<texture colordiffuse="ff000000" border="10">buttons/thumb-select-focus.png</texture>
					</control>
					<control type="image">
						<bordersize>10</bordersize>
						<fadetime>TextureFadeTime</fadetime>
						<aspectratio scalediffuse="false">$PARAM[aspect]</aspectratio>
						<texture diffuse="diffuse/rounded5-327x327.png">$VAR[NowPlayingThumbVar]</texture>
					</control>
					<control type="image">
						<texture border="20">thumbs/overlay.png</texture>
					</control>
				</control>
				<control type="group">
					<visible>$PARAM[case]</visible>
					<control type="image">
						<bordersize>14</bordersize>
						<texture border="10">colors/black50.png</texture>
					</control>
					<control type="image">
						<bordersize>15</bordersize>
						<fadetime>TextureFadeTime</fadetime>
						<aspectratio scalediffuse="false">$PARAM[aspect]</aspectratio>
						<texture>$VAR[NowPlayingThumbVar]</texture>
					</control>
				</control>
			</control>
			<control type="image">
				<visible>$PARAM[case]</visible>
				<top>41</top>
				<width>373</width>
				<height>347</height>
				<texture border="15">thumbs/case/cd.png</texture>
			</control>
		</definition>
	</include>
	<include name="HomeNowPlayingVideoInfo">
		<include>AnimationSlideRightVisible</include>
		<top>50</top>
		<right>10</right>
		<width>500</width>
		<height>303</height>
		<align>right</align>
		<usecontrolcoords>true</usecontrolcoords>
		<control type="label">
			<visible>VideoPlayer.HasEpg</visible>
			<height>40</height>
			<align>right</align>
			<font>Font34_Reg</font>
			<textcolor>$VAR[PanelTextColorVar]</textcolor>
			<label>$INFO[PVR.EpgEventElapsedTime]$INFO[PVR.EpgEventDuration, / ]</label>
		</control>
		<control type="label">
			<visible>!VideoPlayer.HasEpg</visible>
			<height>40</height>
			<align>right</align>
			<font>Font34_Reg</font>
			<textcolor>$VAR[PanelTextColorVar]</textcolor>
			<label>$INFO[Player.Time]$INFO[Player.Duration, / ]</label>
		</control>
		<control type="label">
			<visible>!VideoPlayer.HasEpg</visible>
			<height>42</height>
			<align>right</align>
			<font>Font28_Reg</font>
			<textcolor>$VAR[PanelSubTextColorVar]</textcolor>
			<label>$INFO[Player.FinishTime,$LOCALIZE[19127] ]</label>
		</control>
		<control type="label">
			<visible>VideoPlayer.HasEpg</visible>
			<height>42</height>
			<align>right</align>
			<font>Font28_Reg</font>
			<textcolor>$VAR[PanelSubTextColorVar]</textcolor>
			<label>$INFO[PVR.EpgEventFinishTime,$LOCALIZE[19127] ]</label>
		</control>
		<control type="progress">
			<visible>VideoPlayer.HasEpg</visible>
			<info>PVR.EpgEventProgress</info>
		</control>
		<control type="progress">
			<visible>!VideoPlayer.HasEpg</visible>
			<info>Player.Progress</info>
		</control>
	</include>
	<include name="HomeNowPlayingVideoCast">
		<include>AnimationSlideRightVisible</include>
		<right>10</right>
		<width>500</width>
		<control type="label">
			<top>26</top>
			<height>40</height>
			<align>right</align>
			<font>Font34_Reg</font>
			<label>$LOCALIZE[206]</label>
			<textcolor>$VAR[PanelHighlightColorVar]</textcolor>
		</control>
		<control type="image">
			<top>72</top>
			<right>0</right>
			<width>388</width>
			<height>4</height>
			<aspectratio align="right" aligny="center">scale</aspectratio>
			<texture flipx="true" colordiffuse="$VAR[PanelListSeparatorColorVar]">panels/separator.png</texture>
		</control>
		<control type="textbox">
			<top>84</top>
			<right>0</right>
			<width>600</width>
			<height>269</height>
			<align>right</align>
			<font>Font28_Reg</font>
			<include>AutoScrollPlot</include>
			<textcolor>$VAR[PanelSubTextColorVar]</textcolor>
			<label>$INFO[VideoPlayer.CastAndRole]</label>
		</control>
	</include>
	<include name="HomeNowPlayingPortraitPlot">
		<include>AnimationSlideRightVisible</include>
		<right>10</right>
		<width>1200</width>
		<control type="group">
			<visible>!String.IsEmpty(MusicPlayer.Property(Album_Description)) | !String.IsEmpty(MusicPlayer.Property(Artist_Description)) | !String.IsEmpty(VideoPlayer.Plot)</visible>
			<control type="label">
				<top>26</top>
				<height>40</height>
				<align>right</align>
				<font>Font34_Reg</font>
				<label>$VAR[NowPlayingPlotLabelVar]</label>
				<textcolor>$VAR[PanelHighlightColorVar]</textcolor>
			</control>
			<control type="image">
				<top>72</top>
				<right>0</right>
				<width>388</width>
				<height>4</height>
				<aspectratio align="right" aligny="center">scale</aspectratio>
				<texture flipx="true" colordiffuse="$VAR[PanelListSeparatorColorVar]">panels/separator.png</texture>
			</control>
			<control type="textbox">
				<top>84</top>
				<right>0</right>
				<width>600</width>
				<height>269</height>
				<align>right</align>
				<font>Font28_Reg</font>
				<include>AutoScrollPlot</include>
				<textcolor>$VAR[PanelSubTextColorVar]</textcolor>
				<label>$VAR[NowPlayingPlotVar]</label>
			</control>
		</control>
	</include>
	<include name="HomeNowPlayingSquarePlot">
		<include>AnimationSlideRightVisible</include>
		<top>41</top>
		<right>10</right>
		<width>1200</width>
		<control type="group">
			<visible>!String.IsEmpty(MusicPlayer.Property(Album_Description)) | !String.IsEmpty(MusicPlayer.Property(Artist_Description)) | !String.IsEmpty(VideoPlayer.Plot)</visible>
			<control type="label">
				<top>26</top>
				<height>40</height>
				<align>right</align>
				<font>Font34_Reg</font>
				<label>$VAR[NowPlayingPlotLabelVar]</label>
				<textcolor>$VAR[PanelHighlightColorVar]</textcolor>
			</control>
			<control type="image">
				<top>72</top>
				<right>0</right>
				<width>388</width>
				<height>4</height>
				<aspectratio align="right" aligny="center">scale</aspectratio>
				<texture flipx="true" colordiffuse="$VAR[PanelListSeparatorColorVar]">panels/separator.png</texture>
			</control>
			<control type="textbox">
				<top>84</top>
				<right>0</right>
				<width>600</width>
				<height>228</height>
				<align>right</align>
				<font>Font28_Reg</font>
				<include>AutoScrollPlot</include>
				<textcolor>$VAR[PanelSubTextColorVar]</textcolor>
				<label>$VAR[NowPlayingPlotVar]</label>
			</control>
		</control>
	</include>
	<include name="HomeNowPlayingVideoPreview">
		<control type="group">
			<top>97</top>
			<width>500</width>
			<right>10</right>
			<control type="image">
				<height>281</height>
				<texture>colors/black.png</texture>
			</control>
			<control type="videowindow">
				<height>281</height>
			</control>
			<control type="image">
				<top>-10</top>
				<right>-10</right>
				<width>520</width>
				<height>301</height>
				<texture border="20">thumbs/overlay2.png</texture>
			</control>
		</control>
	</include>
	<include name="NowPlayingHomeAudioInfo">
		<include>AnimationSlideRightVisible</include>
		<top>50</top>
		<right>10</right>
		<width>500</width>
		<height>303</height>
		<align>right</align>
		<usecontrolcoords>true</usecontrolcoords>
		<animation effect="slide" end="0,9" time="200" condition="String.IsEmpty(MusicPlayer.Duration)">Conditional</animation>
		<control type="image">
			<right>0</right>
			<width>125</width>
			<height>80</height>
			<fadetime>TextureFadeTime</fadetime>
			<aspectratio align="right" aligny="center">scale</aspectratio>
			<texture>$VAR[MediaFlagsPathVar]audiocodec/$INFO[MusicPlayer.Codec,,.png]</texture>
		</control>
		<control type="label">
			<height>40</height>
			<align>right</align>
			<font>Font34_Reg</font>
			<textcolor>$VAR[PanelTextColorVar]</textcolor>
			<label>$INFO[MusicPlayer.Time]$INFO[MusicPlayer.Duration, / ]</label>
		</control>
		<control type="label">
			<height>42</height>
			<align>right</align>
			<font>Font28_Reg</font>
			<textcolor>$VAR[PanelSubTextColorVar]</textcolor>
			<label>$INFO[MusicPlayer.BitRate,,kbps]$INFO[MusicPlayer.BitsPerSample,  ,bit]$INFO[MusicPlayer.SampleRate,  ,KHz]</label>
		</control>
		<control type="progress">
			<visible>!String.IsEmpty(MusicPlayer.Duration)</visible>
			<info>Player.Progress</info>
			<midtexture colordiffuse="$VAR[PanelHighlightColorVar]" border="8">panels/progress-control/progress-mid.png</midtexture>
		</control>
	</include>
	<include name="NowPlayingHomeAudioNext">
		<include>AnimationSlideRightVisible</include>
		<top>41</top>
		<right>10</right>
		<width>500</width>
		<height>327</height>
		<control type="label">
			<top>26</top>
			<height>40</height>
			<align>right</align>
			<label>$LOCALIZE[209]</label>
			<font>Font34_Reg</font>
			<textcolor>$VAR[PanelHighlightColorVar]</textcolor>
		</control>
		<control type="image">
			<top>72</top>
			<right>0</right>
			<width>388</width>
			<height>4</height>
			<aspectratio align="right" aligny="center">scale</aspectratio>
			<texture flipx="true" colordiffuse="$VAR[PanelListSeparatorColorVar]">panels/separator.png</texture>
		</control>
		<control type="image">
			<top>75</top>
			<right>-10</right>
			<bottom>73</bottom>
			<bordersize>10</bordersize>
			<width>179</width>
			<aspectratio align="right" aligny="center">scale</aspectratio>
			<texture diffuse="diffuse/rounded5-159x159.png">$INFO[MusicPlayer.offset(1).Cover]</texture>
		</control>
		<control type="image">
			<top>75</top>
			<right>-10</right>
			<bottom>73</bottom>
			<width>179</width>
			<texture border="20">thumbs/overlay.png</texture>
		</control>
		<control type="label">
			<bottom>42</bottom>
			<height>40</height>
			<align>right</align>
			<font>Font30_Reg</font>
			<textcolor>$VAR[PanelSubTextColorVar]</textcolor>
			<label>$INFO[MusicPlayer.offset(1).Artist]</label>
		</control>
		<control type="label">
			<height>40</height>
			<bottom>6</bottom>
			<align>right</align>
			<font>Font28_Reg</font>
			<textcolor>$VAR[PanelTextColorVar]</textcolor>
			<label>[COLOR $VAR[PanelHighlightColorVar]]$INFO[MusicPlayer.offset(1).TrackNumber,,. ][/COLOR]$INFO[MusicPlayer.offset(1).Title]</label>
		</control>
	</include>
	<include name="NowPlayingHomeAudioTrackList">
		<include>AnimationSlideRightVisible</include>
		<top>41</top>
		<right>10</right>
		<width>500</width>
		<control type="label">
			<top>26</top>
			<height>40</height>
			<align>right</align>
			<font>Font34_Reg</font>
			<label>$LOCALIZE[209]</label>
			<textcolor>$VAR[PanelHighlightColorVar]</textcolor>
		</control>
		<control type="image">
			<top>72</top>
			<right>0</right>
			<width>388</width>
			<height>4</height>
			<aspectratio align="right" aligny="center">scale</aspectratio>
			<texture flipx="true" colordiffuse="$VAR[PanelListSeparatorColorVar]">panels/separator.png</texture>
		</control>
		<control type="grouplist">
			<top>76</top>
			<height>246</height>
			<include content="NowPlayingHomeAudioTracksContent">
				<param name="offset">1</param>
			</include>
			<include content="NowPlayingHomeAudioTracksContent">
				<param name="offset">2</param>
			</include>
			<include content="NowPlayingHomeAudioTracksContent">
				<param name="offset">3</param>
			</include>
		</control>
	</include>
	<include name="NowPlayingHomeAudioTracksContent">
		<control type="label">
			<height>38</height>
			<align>right</align>
			<font>Font26_Reg</font>
			<textcolor>$VAR[PanelSubTextColorVar]</textcolor>
			<label>$INFO[MusicPlayer.offset($PARAM[offset]).Artist]</label>
		</control>
		<control type="label">
			<height>30</height>
			<align>right</align>
			<font>Font28_Reg</font>
			<textcolor>$VAR[PanelTextColorVar]</textcolor>
			<label>[COLOR $VAR[PanelHighlightColorVar]]$INFO[MusicPlayer.offset($PARAM[offset]).TrackNumber,,. ][/COLOR]$INFO[MusicPlayer.offset($PARAM[offset]).Title]</label>
		</control>
		<control type="label">
			<height>18</height>
		</control>
	</include>
	<!-- Now playing music OSD -->
	<include name="NowPlayingMusicOSDContent">
		<param name="right">15</param>
		<param name="logo">false</param>
		<param name="case">false</param>
		<param name="discart">false</param>
		<param name="aspect">scale</param>
		<definition>
			<control type="group">
				<left>405</left>
				<bottom>15</bottom>
				<right>$PARAM[right]</right>
				<height>400</height>
				<animation effect="slide" end="30,0" condition="$PARAM[case]">Conditional</animation>
				<animation effect="slide" end="125,0" time="300" condition="!Player.Paused + $PARAM[discart] + Skin.String(NowPlayingMusicDiscArtFallback,none) + [!String.IsEmpty(Player.Art(discart)) | !String.IsEmpty(Player.Art(album.discart))]">Conditional</animation>
				<animation effect="slide" end="125,0" time="300" condition="!Player.Paused + $PARAM[discart] + !Skin.String(NowPlayingMusicDiscArtFallback,none)">Conditional</animation>
				<control type="fadelabel" id="9052">
					<top>26</top>
					<left>50</left>
					<height>40</height>
					<font>Font34_Reg</font>
					<label>$VAR[NowPlayingInfo1Var]</label>
					<textcolor>$VAR[PanelTextColorVar]</textcolor>
				</control>
				<control type="image">
					<visible>!String.IsEmpty(Control.GetLabel(9052)) | !String.IsEmpty(Control.GetLabel(9053))</visible>
					<top>72</top>
					<left>0</left>
					<width>500</width>
					<height>4</height>
					<texture colordiffuse="$VAR[PanelListSeparatorColorVar]">panels/separator.png</texture>
				</control>
				<control type="fadelabel" id="9053">
					<top>74</top>
					<left>50</left>
					<height>40</height>
					<font>Font28_Reg</font>
					<label>$VAR[NowPlayingInfo2Var]</label>
					<textcolor>$VAR[PanelSubTextColorVar]</textcolor>
				</control>
				<control type="image">
					<visible>$PARAM[logo]</visible>
					<include>AnimationVisibleFade</include>
					<top>125</top>
					<width>500</width>
					<bottom>125</bottom>
					<bordersize>70,0,0,0</bordersize>
					<texture>$VAR[NowPlayingLogoVar]</texture>
					<aspectratio align="left">keep</aspectratio>
				</control>
				<control type="label">
					<left>50</left>
					<bottom>76</bottom>
					<height>40</height>
					<font>Font28_Reg</font>
					<label>$VAR[NowPlayingStatusVar]</label>
					<textcolor>$VAR[PanelHighlightColorVar]</textcolor>
				</control>
				<control type="image">
					<width>18</width>
					<height>36</height>
					<bottom>30</bottom>
					<texture colordiffuse="$VAR[PanelListSeparatorColorVar]">panels/nowplaying.png</texture>
				</control>
				<control type="fadelabel">
					<left>50</left>
					<height>40</height>
					<bottom>29</bottom>
					<font>Font34_Reg</font>
					<textcolor>$VAR[PanelTextColorVar]</textcolor>
					<label>$INFO[MusicPlayer.TrackNumber,,. ]$INFO[Player.Title,, ]$INFO[VideoPlayer.Year,(,)]</label>
				</control>
			</control>
			<control type="group">
				<left>15</left>
				<bottom>15</bottom>
				<width>400</width>
				<height>400</height>
				<animation effect="slide" end="30,0" condition="$PARAM[case]">Conditional</animation>
				<control type="image">
					<visible>$PARAM[discart]</visible>
					<animation effect="slide" end="170,0" time="300" condition="!Player.Paused">Conditional</animation>
					<animation effect="rotate" end="360" center="auto" time="800" loop="true" condition="Player.Rewinding">Conditional</animation>
					<animation effect="rotate" end="-360" center="auto" time="800" loop="true" condition="Player.Forwarding">Conditional</animation>
					<animation effect="rotate" end="-360" center="auto" time="4800" loop="true" condition="!Player.Paused + !Player.Forwarding + !Player.Rewinding">Conditional</animation>
					<include>AnimationVisibleFade</include>
					<left>20</left>
					<width>400</width>
					<height>400</height>
					<aspectratio>keep</aspectratio>
					<bordersize>20</bordersize>
					<texture diffuse="diffuse/disc.png">$VAR[NowPlayingMusicDiscArtVar]</texture>
				</control>
				<control type="group">
					<visible>!$PARAM[case]</visible>
					<control type="image">
						<bordersize>10</bordersize>
						<texture colordiffuse="ff000000" border="10">buttons/thumb-select-focus.png</texture>
					</control>
					<control type="image">
						<bordersize>10</bordersize>
						<fadetime>TextureFadeTime</fadetime>
						<aspectratio scalediffuse="false">$PARAM[aspect]</aspectratio>
						<texture diffuse="diffuse/rounded5-380x380.png">$VAR[NowPlayingThumbVar]</texture>
					</control>
					<control type="image">
						<texture border="20">thumbs/overlay.png</texture>
					</control>
				</control>
				<control type="group">
					<visible>$PARAM[case]</visible>
					<control type="image">
						<bordersize>14</bordersize>
						<texture border="10">colors/black50.png</texture>
					</control>
					<control type="image">
						<bordersize>14</bordersize>
						<fadetime>TextureFadeTime</fadetime>
						<aspectratio scalediffuse="false">$PARAM[aspect]</aspectratio>
						<texture>$VAR[NowPlayingThumbVar]</texture>
					</control>
				</control>
			</control>
			<control type="image">
				<visible>$PARAM[case]</visible>
				<left>15</left>
				<bottom>15</bottom>
				<width>430</width>
				<height>400</height>
				<texture border="15">thumbs/case/cd.png</texture>
			</control>
		</definition>
	</include>
	<include name="NowPlayingMusicOSDInfo">
		<include>AnimationSlideRightVisible</include>
		<bottom>50</bottom>
		<right>25</right>
		<width>500</width>
		<height>400</height>
		<align>right</align>
		<usecontrolcoords>true</usecontrolcoords>
		<control type="image">
			<right>0</right>
			<width>125</width>
			<height>80</height>
			<fadetime>TextureFadeTime</fadetime>
			<aspectratio align="right" aligny="center">scale</aspectratio>
			<texture>$VAR[MediaFlagsPathVar]audiocodec/$INFO[MusicPlayer.Codec,,.png]</texture>
		</control>
		<control type="label">
			<height>40</height>
			<align>right</align>
			<font>Font34_Reg</font>
			<textcolor>$VAR[PanelTextColorVar]</textcolor>
			<label>$INFO[MusicPlayer.Time]$INFO[MusicPlayer.Duration, / ]</label>
		</control>
		<control type="label">
			<height>42</height>
			<align>right</align>
			<font>Font28_Reg</font>
			<textcolor>$VAR[PanelSubTextColorVar]</textcolor>
			<label>$INFO[MusicPlayer.BitRate,,kbps]$INFO[MusicPlayer.BitsPerSample,  ,bit]$INFO[MusicPlayer.SampleRate,  ,KHz]</label>
		</control>
		<control type="progress">
			<visible>!String.IsEmpty(MusicPlayer.Duration)</visible>
			<include>AnimationVisibleFade</include>
			<info>Player.Progress</info>
		</control>
	</include>
	<include name="HomeNowPlayingMusicOSDPlot">
		<include>AnimationSlideRightVisible</include>
		<right>25</right>
		<bottom>15</bottom>
		<width>1200</width>
		<height>400</height>
		<control type="group">
			<visible>!String.IsEmpty(MusicPlayer.Property(Album_Description)) | !String.IsEmpty(MusicPlayer.Property(Artist_Description)) | !String.IsEmpty(VideoPlayer.Plot)</visible>
			<control type="label">
				<top>26</top>
				<height>40</height>
				<align>right</align>
				<font>Font34_Reg</font>
				<label>$VAR[NowPlayingPlotLabelVar]</label>
				<textcolor>$VAR[PanelHighlightColorVar]</textcolor>
			</control>
			<control type="image">
				<top>72</top>
				<right>0</right>
				<width>388</width>
				<height>4</height>
				<aspectratio align="right" aligny="center">scale</aspectratio>
				<texture flipx="true" colordiffuse="$VAR[PanelListSeparatorColorVar]">panels/separator.png</texture>
			</control>
			<control type="textbox">
				<top>84</top>
				<right>0</right>
				<width>600</width>
				<height>281</height>
				<align>right</align>
				<font>Font28_Reg_105</font>
				<include>AutoScrollPlot</include>
				<textcolor>$VAR[PanelSubTextColorVar]</textcolor>
				<label>$VAR[NowPlayingPlotVar]</label>
			</control>
		</control>
	</include>
	<include name="NowPlayingMusicOSDNext">
		<include>AnimationSlideRightVisible</include>
		<right>25</right>
		<bottom>35</bottom>
		<width>500</width>
		<height>400</height>
		<control type="label">
			<top>26</top>
			<height>40</height>
			<align>right</align>
			<label>$LOCALIZE[209]</label>
			<font>Font34_Reg</font>
			<textcolor>$VAR[PanelHighlightColorVar]</textcolor>
		</control>
		<control type="image">
			<top>72</top>
			<right>0</right>
			<width>388</width>
			<height>4</height>
			<aspectratio align="right" aligny="center">scale</aspectratio>
			<texture flipx="true" colordiffuse="$VAR[PanelListSeparatorColorVar]">panels/separator.png</texture>
		</control>
		<control type="image">
			<top>75</top>
			<right>-10</right>
			<bottom>73</bottom>
			<bordersize>10</bordersize>
			<width>252</width>
			<aspectratio align="right" aligny="center">scale</aspectratio>
			<texture diffuse="diffuse/rounded5-230x230.png">$INFO[MusicPlayer.offset(1).Cover]</texture>
		</control>
		<control type="image">
			<top>75</top>
			<right>-10</right>
			<bottom>73</bottom>
			<width>252</width>
			<texture border="20">thumbs/overlay.png</texture>
		</control>
		<control type="label">
			<bottom>42</bottom>
			<height>40</height>
			<align>right</align>
			<font>Font30_Reg</font>
			<textcolor>$VAR[PanelSubTextColorVar]</textcolor>
			<label>$INFO[MusicPlayer.offset(1).Artist]</label>
		</control>
		<control type="label">
			<height>40</height>
			<bottom>6</bottom>
			<align>right</align>
			<font>Font28_Reg</font>
			<textcolor>$VAR[PanelTextColorVar]</textcolor>
			<label>[COLOR $VAR[PanelHighlightColorVar]]$INFO[MusicPlayer.offset(1).TrackNumber,,. ][/COLOR]$INFO[MusicPlayer.offset(1).Title]</label>
		</control>
	</include>
	<include name="NowPlayingMusicOSDTrackList">
		<include>AnimationSlideRightVisible</include>
		<right>25</right>
		<bottom>15</bottom>
		<width>500</width>
		<height>400</height>
		<control type="label">
			<top>26</top>
			<height>40</height>
			<align>right</align>
			<font>Font34_Reg</font>
			<label>$LOCALIZE[209]</label>
			<textcolor>$VAR[PanelHighlightColorVar]</textcolor>
		</control>
		<control type="image">
			<top>72</top>
			<right>0</right>
			<width>388</width>
			<height>4</height>
			<aspectratio align="right" aligny="center">scale</aspectratio>
			<texture flipx="true" colordiffuse="$VAR[PanelListSeparatorColorVar]">panels/separator.png</texture>
		</control>
		<control type="grouplist">
			<top>76</top>
			<height>400</height>
			<include content="NowPlayingMusicOSDTracksContent">
				<param name="offset">1</param>
			</include>
			<include content="NowPlayingMusicOSDTracksContent">
				<param name="offset">2</param>
			</include>
			<include content="NowPlayingMusicOSDTracksContent">
				<param name="offset">3</param>
			</include>
			<include content="NowPlayingMusicOSDTracksContent">
				<param name="offset">4</param>
			</include>
		</control>
	</include>
	<include name="NowPlayingMusicOSDTracksContent">
		<control type="label">
			<height>32</height>
			<align>right</align>
			<font>Font26_Reg</font>
			<textcolor>$VAR[PanelSubTextColorVar]</textcolor>
			<label>$INFO[MusicPlayer.offset($PARAM[offset]).Artist]</label>
		</control>
		<control type="label">
			<height>30</height>
			<align>right</align>
			<font>Font28_Reg</font>
			<textcolor>$VAR[PanelTextColorVar]</textcolor>
			<label>[COLOR $VAR[PanelHighlightColorVar]]$INFO[MusicPlayer.offset($PARAM[offset]).TrackNumber,,. ][/COLOR]$INFO[MusicPlayer.offset($PARAM[offset]).Title]</label>
		</control>
		<control type="label">
			<height>15</height>
		</control>
	</include>
	<include name="NowPlayingMusicOSDFanart">
		<animation type="Conditional" pulse="true" condition="Skin.HasSetting(MusicOSDAnimatedBackground)">
			<effect type="zoom" start="110" end="120" center="auto" time="12000" tween="sine" easing="inout"/>
			<effect type="slide" start="-20,-20" end="20,20" time="6000" tween="sine" easing="inout"/>
		</animation>
		<include>FullScreenDimensions</include>
		<randomize>true</randomize>
		<aspectratio>scale</aspectratio>
		<fadetime>TextureFadeTime</fadetime>
	</include>
	<include name="VideoOSDProcessInfo">
		<height>39</height>
		<textcolor>$VAR[PanelSubTextColorVar]</textcolor>
		<disabledcolor>$VAR[PanelDisabledTextColorVar]</disabledcolor>
	</include>
	<!-- Variables -->
	<variable name="NowPlayingCaseVar">
		<value condition="VideoPlayer.IsStereoscopic | String.Contains(Player.Filename,3D)">thumbs/case/portrait/3d.png</value>
		<value condition="String.Contains(Player.Filename,webdl) | String.Contains(Player.Filename,web-dl)">thumbs/case/portrait/webdl.png</value>
		<value condition="String.Contains(Player.Filename,4K)">thumbs/case/portrait/4Kp.png</value>
		<value>thumbs/case/portrait/$INFO[VideoPlayer.VideoResolution]p.png</value>
	</variable>
	<variable name="NowPlayingInfo1Var">
		<value condition="VideoPlayer.Content(episodes)">$INFO[VideoPlayer.TVShowTitle]</value>
		<value condition="!String.IsEmpty(MusicPlayer.Artist)">$INFO[MusicPlayer.Artist]</value>
		<value condition="!String.IsEmpty(MusicPlayer.AlbumArtist)">$INFO[MusicPlayer.AlbumArtist]</value>
		<value condition="!String.IsEmpty(VideoPlayer.Artist)">$INFO[VideoPlayer.Artist]</value>
		<value condition="Player.IsInternetStream">$LOCALIZE[31200]</value>
		<value condition="Pvr.IsPlayingRadio | VideoPlayer.Content(livetv)">$INFO[VideoPlayer.ChannelName]</value>
	</variable>
	<variable name="NowPlayingInfo2Var">
		<value condition="VideoPlayer.Content(episodes) + String.StartsWith(VideoPlayer.Episode,s)">$INFO[VideoPlayer.Episode,$LOCALIZE[31327] ]</value>
		<value condition="VideoPlayer.Content(episodes)">$INFO[VideoPlayer.Season,$LOCALIZE[20373] , ]$INFO[VideoPlayer.Episode,$LOCALIZE[36906] ]</value>		
		<value condition="!String.IsEmpty(MusicPlayer.Album) + !String.IsEmpty(MusicPlayer.Year)">$INFO[MusicPlayer.Album]$VAR[1BlankSpace]($INFO[MusicPlayer.Year])</value>
		<value condition="!String.IsEmpty(MusicPlayer.Album)">$INFO[MusicPlayer.Album]</value>		
		<value condition="!String.IsEmpty(VideoPlayer.Album) + !String.IsEmpty(VideoPlayer.Year)">$INFO[VideoPlayer.Album]$VAR[1BlankSpace]($INFO[VideoPlayer.Year])</value>
		<value condition="!String.IsEmpty(VideoPlayer.Album)">$INFO[VideoPlayer.Album]</value>		
		<value condition="Player.IsInternetStream + Player.HasAudio + !String.IsEmpty(MusicPlayer.BitRate)">$INFO[MusicPlayer.BitRate,,[LOWERCASE]kbps[/LOWERCASE]]</value>
		<value condition="Player.IsInternetStream + Player.HasVideo + !String.IsEmpty(Player.Process(VideoHeight))">$INFO[Player.Process(VideoHeight),,[LOWERCASE]p[/LOWERCASE]]</value>
		<value condition="Pvr.IsPlayingRadio">$LOCALIZE[19021]</value>
		<value condition="VideoPlayer.Content(livetv)">$LOCALIZE[19020]</value>
	</variable>
	<variable name="NowPlayingStatusVar">
		<value condition="Window.IsActive(fullscreenvideo)">$LOCALIZE[31002]</value>
		<value condition="Player.Playing">$LOCALIZE[31002]</value>
		<value condition="Player.Paused">$LOCALIZE[112]</value>
		<value condition="Player.Forwarding2x">$LOCALIZE[31198] 2x</value>
		<value condition="Player.Forwarding4x">$LOCALIZE[31198] 4x</value>
		<value condition="Player.Forwarding8x">$LOCALIZE[31198] 8x</value>
		<value condition="Player.Forwarding16x">$LOCALIZE[31198] 16x</value>
		<value condition="Player.Forwarding32x">$LOCALIZE[31198] 32x</value>
		<value condition="Player.Rewinding2x">$LOCALIZE[31199] 2x</value>
		<value condition="Player.Rewinding4x">$LOCALIZE[31199] 4x</value>
		<value condition="Player.Rewinding8x">$LOCALIZE[31199] 8x</value>
		<value condition="Player.Rewinding16x">$LOCALIZE[31199] 16x</value>
		<value condition="Player.Rewinding32x">$LOCALIZE[31199] 32x</value>
	</variable>
	<variable name="NowPlayingLogoVar">
		<value condition="!String.IsEmpty(Player.Art(clearlogo))">$INFO[Player.Art(clearlogo)]</value>
		<value condition="!String.IsEmpty(Player.Art(tvshow.clearlogo))">$INFO[Player.Art(tvshow.clearlogo)]</value>
		<value condition="!String.IsEmpty(Player.Art(artist.clearlogo))">$INFO[Player.Art(artist.clearlogo)]</value>
	</variable>
	<variable name="NowPlayingClearArtVar">
		<value condition="!String.IsEmpty(Player.Art(clearart))">$INFO[Player.Art(clearart)]</value>
		<value condition="!String.IsEmpty(Player.Art(tvshow.clearart))">$INFO[Player.Art(tvshow.clearart)]</value>
		<value condition="!String.IsEmpty(Player.Art(artist.clearart))">$INFO[Player.Art(artist.clearart)]</value>
		<value condition="!String.IsEmpty(Player.Art(clearlogo))">$INFO[Player.Art(clearlogo)]</value>
		<value condition="!String.IsEmpty(Player.Art(tvshow.poster))">$INFO[Player.Art(tvshow.clearlogo)]</value>
		<value condition="!String.IsEmpty(Player.Art(artist.clearlogo))">$INFO[Player.Art(artist.clearlogo)]</value>
	</variable>
	<variable name="NowPlayingThumbVar">
		<value condition="!String.IsEmpty(Player.Art(season.poster))">$INFO[Player.Art(season.poster)]</value>
		<value condition="!String.IsEmpty(Player.Art(tvshow.poster))">$INFO[Player.Art(tvshow.poster)]</value>
		<value condition="!String.IsEmpty(Player.Art(poster))">$INFO[Player.Art(poster)]</value>
		<value condition="!String.IsEmpty(Player.Art(thumb))">$INFO[Player.Art(thumb)]</value>
		<value condition="Player.HasAudio">DefaultAudio.png</value>
		<value condition="Player.HasVideo">DefaultVideo.png</value>
	</variable>
	<variable name="NowPlayingPlotLabelVar">
		<value condition="Pvr.IsPlayingTv">$INFO[VideoPlayer.StartTime,, - ]$INFO[VideoPlayer.EndTime]</value>
		<value condition="!String.IsEmpty(VideoPlayer.Tagline)">$INFO[VideoPlayer.Tagline]</value>
		<value condition="!String.IsEmpty(VideoPlayer.Genre)">$INFO[VideoPlayer.Genre]</value>
		<value condition="!String.IsEmpty(MusicPlayer.Genre)">$INFO[MusicPlayer.Genre]</value>
		<value>$INFO[Player.FinishTime,$LOCALIZE[19127] ]</value>
	</variable>
	<variable name="NowPlayingPlotVar">
		<value condition="!String.IsEmpty(MusicPlayer.Property(Album_Description))">$INFO[MusicPlayer.Property(Album_Description)]</value>
		<value condition="!String.IsEmpty(MusicPlayer.Property(Artist_Description))">$INFO[MusicPlayer.Property(Artist_Description)]</value>
		<value condition="!Skin.HasSetting(DisablePlotOutline) + !String.IsEmpty(VideoPlayer.PlotOutline)">$INFO[VideoPlayer.PlotOutline]</value>
		<value condition="!String.IsEmpty(VideoPlayer.Plot)">$INFO[VideoPlayer.Plot]</value>
	</variable>
	<variable name="NowPlayingVideoDiscArtVar">
		<value condition="!String.IsEmpty(Player.Art(discart))">$INFO[Player.Art(discart)]</value>
		<value condition="Skin.String(NowPlayingVideoDiscArtFallback,none)"/>
		<value condition="Skin.String(NowPlayingVideoDiscArtFallback,cd)">thumbs/disc/cd.png</value>
		<value condition="Skin.String(NowPlayingVideoDiscArtFallback,vinyl)">thumbs/disc/vinyl.png</value>
		<value condition="Skin.String(NowPlayingVideoDiscArtFallback,white)">thumbs/disc/white.png</value>
		<value condition="Skin.String(NowPlayingVideoDiscArtFallback,blue)">thumbs/disc/blue.png</value>
		<value condition="Skin.String(NowPlayingVideoDiscArtFallback,golden)">thumbs/disc/golden.png</value>
		<value condition="Skin.String(NowPlayingVideoDiscArtFallback,green)">thumbs/disc/green.png</value>
		<value condition="Skin.String(NowPlayingVideoDiscArtFallback,grey)">thumbs/disc/grey.png</value>
		<value condition="Skin.String(NowPlayingVideoDiscArtFallback,orange)">thumbs/disc/orange.png</value>
		<value condition="Skin.String(NowPlayingVideoDiscArtFallback,purple)">thumbs/disc/purple.png</value>
		<value condition="Skin.String(NowPlayingVideoDiscArtFallback,red)">thumbs/disc/red.png</value>
		<value>thumbs/disc/bd.png</value>
	</variable>
	<variable name="NowPlayingVideoDiscArtLabelVar">
		<value condition="Skin.String(NowPlayingVideoDiscArtFallback,none)">$LOCALIZE[231]</value>
		<value condition="Skin.String(NowPlayingVideoDiscArtFallback,vinyl)">$LOCALIZE[31182]</value>
		<value condition="Skin.String(NowPlayingVideoDiscArtFallback,cd)">CD</value>
		<value condition="Skin.String(NowPlayingVideoDiscArtFallback,white)">$LOCALIZE[742]</value>
		<value condition="Skin.String(NowPlayingVideoDiscArtFallback,blue)">$LOCALIZE[762]</value>
		<value condition="Skin.String(NowPlayingVideoDiscArtFallback,golden)">$LOCALIZE[31186]</value>
		<value condition="Skin.String(NowPlayingVideoDiscArtFallback,green)">$LOCALIZE[13341]</value>
		<value condition="Skin.String(NowPlayingVideoDiscArtFallback,grey)">$LOCALIZE[767]</value>
		<value condition="Skin.String(NowPlayingVideoDiscArtFallback,orange)">$LOCALIZE[13342]</value>
		<value condition="Skin.String(NowPlayingVideoDiscArtFallback,purple)">$LOCALIZE[31190]</value>
		<value condition="Skin.String(NowPlayingVideoDiscArtFallback,red)">$LOCALIZE[13343]</value>
		<value>$LOCALIZE[14234]</value>
	</variable>
	<variable name="NowPlayingMusicDiscArtVar">
		<value condition="!String.IsEmpty(Player.Art(discart))">$INFO[Player.Art(discart)]</value>
		<value condition="!String.IsEmpty(Player.Art(album.discart))">$INFO[Player.Art(album.discart)]</value>
		<value condition="Skin.String(NowPlayingMusicDiscArtFallback,none)"/>
		<value condition="Skin.String(NowPlayingMusicDiscArtFallback,vinyl)">thumbs/disc/vinyl.png</value>
		<value condition="Skin.String(NowPlayingMusicDiscArtFallback,bd)">thumbs/disc/bd.png</value>
		<value condition="Skin.String(NowPlayingMusicDiscArtFallback,white)">thumbs/disc/white.png</value>
		<value condition="Skin.String(NowPlayingMusicDiscArtFallback,blue)">thumbs/disc/blue.png</value>
		<value condition="Skin.String(NowPlayingMusicDiscArtFallback,golden)">thumbs/disc/golden.png</value>
		<value condition="Skin.String(NowPlayingMusicDiscArtFallback,green)">thumbs/disc/green.png</value>
		<value condition="Skin.String(NowPlayingMusicDiscArtFallback,grey)">thumbs/disc/grey.png</value>
		<value condition="Skin.String(NowPlayingMusicDiscArtFallback,orange)">thumbs/disc/orange.png</value>
		<value condition="Skin.String(NowPlayingMusicDiscArtFallback,purple)">thumbs/disc/purple.png</value>
		<value condition="Skin.String(NowPlayingMusicDiscArtFallback,red)">thumbs/disc/red.png</value>
		<value>thumbs/disc/cd.png</value>
	</variable>
	<variable name="NowPlayingMusicDiscArtLabelVar">
		<value condition="Skin.String(NowPlayingMusicDiscArtFallback,none)">$LOCALIZE[231]</value>
		<value condition="Skin.String(NowPlayingMusicDiscArtFallback,vinyl)">$LOCALIZE[31182]</value>
		<value condition="Skin.String(NowPlayingMusicDiscArtFallback,bd)">$LOCALIZE[14234]</value>
		<value condition="Skin.String(NowPlayingMusicDiscArtFallback,white)">$LOCALIZE[742]</value>
		<value condition="Skin.String(NowPlayingMusicDiscArtFallback,blue)">$LOCALIZE[762]</value>
		<value condition="Skin.String(NowPlayingMusicDiscArtFallback,golden)">$LOCALIZE[31186]</value>
		<value condition="Skin.String(NowPlayingMusicDiscArtFallback,green)">$LOCALIZE[13341]</value>
		<value condition="Skin.String(NowPlayingMusicDiscArtFallback,grey)">$LOCALIZE[767]</value>
		<value condition="Skin.String(NowPlayingMusicDiscArtFallback,orange)">$LOCALIZE[13342]</value>
		<value condition="Skin.String(NowPlayingMusicDiscArtFallback,purple)">$LOCALIZE[31190]</value>
		<value condition="Skin.String(NowPlayingMusicDiscArtFallback,red)">$LOCALIZE[13343]</value>
		<value>CD</value>
	</variable>
	<variable name="NowPlayingDimBackgroundLabelVar">
		<value condition="Skin.String(MusicOSD.dim,80FFFFFF)">50%</value>
		<value condition="Skin.String(MusicOSD.dim,8CFFFFFF)">55%</value>
		<value condition="Skin.String(MusicOSD.dim,99FFFFFF)">60%</value>
		<value condition="Skin.String(MusicOSD.dim,A6FFFFFF)">65%</value>
		<value condition="Skin.String(MusicOSD.dim,B3FFFFFF)">70%</value>
		<value condition="Skin.String(MusicOSD.dim,BFFFFFFF)">75%</value>
		<value condition="Skin.String(MusicOSD.dim,CCFFFFFF)">80%</value>
		<value condition="Skin.String(MusicOSD.dim,D9FFFFFF)">85%</value>
		<value condition="Skin.String(MusicOSD.dim,E6FFFFFF)">90%</value>
		<value>$LOCALIZE[351]</value>
	</variable>
	<variable name="MusicOSDInfoLabelVar">
		<value condition="Skin.String(MusicOSDInfo,off)">$LOCALIZE[16039]</value>
		<value condition="Skin.String(MusicOSDInfo,persistant)">$LOCALIZE[31194]</value>
		<value>$LOCALIZE[31193]</value>
	</variable>
	<variable name="MusicOSDAudioInfoLabelVar">
		<value condition="Skin.String(MusicOSDAudioInfo,next)">$LOCALIZE[209]</value>
		<value condition="Skin.String(MusicOSDAudioInfo,tracks)">$LOCALIZE[182]</value>
		<value condition="Skin.String(MusicOSDAudioInfo,plot)">$LOCALIZE[21821]</value>
		<value condition="Skin.String(MusicOSDAudioInfo,none)">$LOCALIZE[231]</value>
		<value>$LOCALIZE[29915]</value>
	</variable>
	<variable name="MusicOSDMusicInfoLabelVar">
		<value condition="Skin.String(MusicOSDMusicInfo,next)">$LOCALIZE[209]</value>
		<value condition="Skin.String(MusicOSDMusicInfo,tracks)">$LOCALIZE[182]</value>
		<value condition="Skin.String(MusicOSDMusicInfo,plot)">$LOCALIZE[21821]</value>
		<value condition="Skin.String(MusicOSDMusicInfo,none)">$LOCALIZE[231]</value>
		<value>$LOCALIZE[29915]</value>
	</variable>
	<variable name="MusicOSDFanArtVar">
		<value condition="Skin.String(MusicOSDBackground,none)"/>
		<value condition="Skin.String(MusicOSDBackground,artistsslideshow) + !String.IsEmpty(Window(Visualisation).Property(ArtistSlideshow.Image))">$INFO[Window(Visualisation).Property(ArtistSlideshow.Image)]</value>
		<value condition="[Skin.String(MusicOSDBackground,extra) | [Skin.String(MusicOSDBackground,artistsslideshow) + !String.IsEmpty(Window(Visualisation).Property(ArtistSlideshow.Image))]] + !String.IsEmpty(Control.GetLabel(71111))">$INFO[Control.GetLabel(71111)]</value>
		<value condition="!String.IsEmpty(Skin.String(MusicOSDBackground)) + !Skin.String(MusicOSDBackground,extra) + !Skin.String(MusicOSDBackground,artistsslideshow)">$INFO[Skin.String(MusicOSDBackground)]</value>
		<value condition="!String.IsEmpty(Player.Art(fanart))">$INFO[Player.Art(fanart)]</value>
		<value>special://skin/extras/backgrounds/music.jpg</value>
	</variable>
	<variable name="MusicOSDFanArtLabelVar">
		<value condition="Skin.String(MusicOSDBackground,none)">$LOCALIZE[231]</value>
		<value condition="Skin.String(MusicOSDBackground,extra)">$LOCALIZE[31035]</value>
		<value condition="Skin.String(MusicOSDBackground,artistsslideshow)">$LOCALIZE[31353]</value>
		<value condition="!String.IsEmpty(Skin.String(MusicOSDBackground))">$INFO[Skin.String(MusicOSDBackground)]</value>
		<value>$LOCALIZE[20445]</value>
	</variable>
	<variable name="LyricTextColorVar">
		<value condition="!Skin.HasSetting(MusicOSDDisableAnimatedLyrics)">00FFFFFF</value>
		<value>$VAR[PanelSubTextColorVar]</value>
	</variable>
	<variable name="LyricHighlightColorVar">
		<value condition="!Skin.HasSetting(MusicOSDDisableAnimatedLyrics)">00FFFFFF</value>
		<value>$VAR[PanelHighlightColorVar]</value>
	</variable>
	<variable name="LyricShadowColorVar">
		<value condition="!Skin.HasSetting(MusicOSDDisableAnimatedLyrics)">00FFFFFF</value>
		<value>$VAR[PanelShadowColorVar]</value>
	</variable>
	<variable name="NowPlayingHomeMovieInfoLabelVar">
		<value condition="Skin.String(NowPlayingHomeMovieInfo,cast)">$LOCALIZE[206]</value>
		<value condition="Skin.String(NowPlayingHomeMovieInfo,plot)">$LOCALIZE[21821]</value>
		<value condition="Skin.String(NowPlayingHomeMovieInfo,preview)">$LOCALIZE[1000]</value>
		<value condition="Skin.String(NowPlayingHomeMovieInfo,none)">$LOCALIZE[231]</value>
		<value>$LOCALIZE[29915]</value>
	</variable>
	<variable name="NowPlayingHomeVideoInfoLabelVar">
		<value condition="Skin.String(NowPlayingHomeVideoInfo,plot)">$LOCALIZE[21821]</value>
		<value condition="Skin.String(NowPlayingHomeVideoInfo,preview)">$LOCALIZE[1000]</value>
		<value condition="Skin.String(NowPlayingHomeVideoInfo,none)">$LOCALIZE[231]</value>
		<value>$LOCALIZE[29915]</value>
	</variable>
	<variable name="NowPlayingHomeMusicInfoLabelVar">
		<value condition="Skin.String(NowPlayingHomeMusicInfo,tracks)">$LOCALIZE[182]</value>
		<value condition="Skin.String(NowPlayingHomeMusicInfo,next)">$LOCALIZE[209]</value>
		<value condition="Skin.String(NowPlayingHomeMusicInfo,plot)">$LOCALIZE[21821]</value>
		<value condition="Skin.String(NowPlayingHomeMusicInfo,none)">$LOCALIZE[231]</value>
		<value>$LOCALIZE[29915]</value>
	</variable>
	<variable name="NowPlayingHomeAudioInfoLabelVar">
		<value condition="Skin.String(NowPlayingHomeAudioInfo,tracks)">$LOCALIZE[182]</value>
		<value condition="Skin.String(NowPlayingHomeAudioInfo,next)">$LOCALIZE[209]</value>
		<value condition="Skin.String(NowPlayingHomeAudioInfo,plot)">$LOCALIZE[21821]</value>
		<value condition="Skin.String(NowPlayingHomeAudioInfo,none)">$LOCALIZE[231]</value>
		<value>$LOCALIZE[29915]</value>
	</variable>
	<variable name="VideoOSDInfoLabelVar">
		<value condition="Skin.String(VideoOSDInfo,off)">$LOCALIZE[16039]</value>
		<value condition="Skin.String(VideoOSDInfo,persistant)">$LOCALIZE[31194]</value>
		<value>$LOCALIZE[31193]</value>
	</variable>
	<variable name="VideoOSDMediaFlagsLabelVar">
		<value condition="Skin.String(VideoOSDMediaFlags,off)">$LOCALIZE[16039]</value>
		<value condition="Skin.String(VideoOSDMediaFlags,persistant)">$LOCALIZE[31194]</value>
		<value>$LOCALIZE[31193]</value>
	</variable>
	<variable name="VideoOSDMovieInfoLabelVar">
		<value condition="Skin.String(VideoOSDMovieInfo,cast)">$LOCALIZE[206]</value>
		<value condition="Skin.String(VideoOSDMovieInfo,none)">$LOCALIZE[231]</value>
		<value>$LOCALIZE[21821]</value>
	</variable>
	<variable name="VideoOSDVideoInfoLabelVar">
		<value condition="Skin.String(VideoOSDVideoInfo,none)">$LOCALIZE[231]</value>
		<value>$LOCALIZE[21821]</value>
	</variable>
	<variable name="VideoOSDSeasonNumberVar">
		<value condition="String.StartsWith(VideoPlayer.Episode,S)">$INFO[VideoPlayer.Episode]</value>
		<value>$INFO[VideoPlayer.Season,,x]$INFO[VideoPlayer.Episode]</value>
	</variable>
	<variable name="VideoOSDLabelVar">
		<value condition="!String.IsEmpty(Player.SeekStepSize)">$LOCALIZE[773] $INFO[Player.SeekStepSize]</value>
		<value condition="Player.Paused + Skin.HasSetting(VideoOSDDisableSeekIcon)">$LOCALIZE[112]</value>
		<value condition="Player.Forwarding + Skin.HasSetting(VideoOSDDisableSeekIcon)">$LOCALIZE[31198] $VAR[VideoOSDSeekLabelVar]</value>
		<value condition="Player.Rewinding + Skin.HasSetting(VideoOSDDisableSeekIcon)">$LOCALIZE[31199] $VAR[VideoOSDSeekLabelVar]</value>
		<value condition="VideoPlayer.Content(episodes)">$INFO[VideoPlayer.TVShowTitle,, - ]$VAR[VideoOSDSeasonNumberVar,, ]$INFO[Player.Title]</value>
		<value condition="!String.IsEmpty(VideoPlayer.Artist)">$INFO[VideoPlayer.Artist,, - ]$INFO[Player.Title]</value>
		<value condition="VideoPlayer.Content(livetv)">$INFO[VideoPlayer.ChannelName,, - ]$INFO[Player.Title]</value>
		<value condition="Player.ChapterCount + !Player.ShowInfo + !Skin.String(VideoOSDInfo,persistant)">$INFO[Player.Title]$INFO[Player.Chapter, ($LOCALIZE[21396] ]$INFO[Player.ChapterCount,/,)]</value>
		<value condition="Player.ChapterCount + [Player.ShowInfo | Skin.String(VideoOSDInfo,persistant)]">$INFO[Player.Chapter,$LOCALIZE[21396] ]$INFO[Player.ChapterCount,/]</value>
		<value condition="!Player.ChapterCount + !Player.ShowInfo + !Skin.String(VideoOSDInfo,persistant)">$INFO[Player.Title]</value>
	</variable>
	<variable name="VideoOSDTimeVar">
		<value condition="!VideoPlayer.Content(livetv) + !Skin.HasSetting(VideoOSDTimeRemaining)">$INFO[Player.Time(hh:mm:ss)]$INFO[Player.Duration(hh:mm:ss), / ]</value>
		<value condition="!VideoPlayer.Content(livetv) + Skin.HasSetting(VideoOSDTimeRemaining)">$INFO[Player.TimeRemaining(hh:mm:ss)]$INFO[Player.Duration(hh:mm:ss), / ]</value>
		<value condition="VideoPlayer.Content(livetv) + !Skin.HasSetting(VideoOSDTimeRemaining)">$INFO[PVR.EpgEventElapsedTime(hh:mm:ss)]$INFO[PVR.EpgEventDuration(hh:mm:ss), / ]</value>
		<value condition="VideoPlayer.Content(livetv) + Skin.HasSetting(VideoOSDTimeRemaining)">$INFO[PVR.EpgEventRemainingTime(hh:mm:ss)]$INFO[PVR.EpgEventDuration(hh:mm:ss), / ]</value>
	</variable>
	<variable name="VideoOSDSeekIconVar">
		<value condition="Player.Paused"></value>
		<value condition="Player.Rewinding"></value>
		<value condition="Player.Forwarding"></value>
		<value condition="!Player.Paused"></value>
	</variable>
	<variable name="VideoOSDSeekLabelVar">
		<value condition="Player.Forwarding2x | Player.Rewinding2x">2x</value>
		<value condition="Player.Forwarding4x | Player.Rewinding4x">4x</value>
		<value condition="Player.Forwarding8x | Player.Rewinding8x">8x</value>
		<value condition="Player.Forwarding16x | Player.Rewinding16x">16x</value>
		<value condition="Player.Forwarding32x | Player.Rewinding32x">32x</value>
	</variable>
	<!--  OSD Buttons -->
	<variable name="OSDPlayButtonVar">
		<value condition="Player.Paused | Player.Forwarding | Player.Rewinding">buttons/player/play.png</value>
		<value>buttons/player/pause.png</value>
	</variable>
	<variable name="OSDRecordButtonVar">
		<value condition="PVR.IsRecordingPlayingChannel">buttons/player/recording.png</value>
		<value>buttons/player/record.png</value>
	</variable>
	<variable name="OSDRepeatButtonVar">
		<value condition="Playlist.IsRepeatOne">buttons/player/repeatone.png</value>
		<value condition="Playlist.IsRepeat">buttons/player/repeat.png</value>
		<value>buttons/player/repeatoff.png</value>
	</variable>
	<variable name="OSDRandomButtonVar">
		<value condition="Playlist.IsRandom">buttons/player/randomon.png</value>
		<value>buttons/player/randomoff.png</value>
	</variable>
</includes>