<?xml version="1.0" encoding="UTF-8"?>
<includes>
	<!-- Settings includes -->
	<include name="SettingsLabel">
		<width>1395</width>
		<height>67</height>
		<font>Font28_Bold</font>
		<textoffsetx>35</textoffsetx>
		<textcolor>$VAR[PanelHighlightColorVar]</textcolor>
	</include>
	<include name="SettingsButton">
		<width>1395</width>
		<height>67</height>
		<textoffsetx>35</textoffsetx>
		<textcolor>$VAR[PanelSubTextColorVar]</textcolor>
	</include>
	<include name="SettingsRadioButton">
		<width>1395</width>
		<height>67</height>
		<textoffsetx>35</textoffsetx>
		<textwidth>930</textwidth>
		<radioposx>1289</radioposx>
		<textcolor>$VAR[PanelSubTextColorVar]</textcolor>
	</include>
	<include name="SettingsLeftLabel">
		<top>132</top>
		<left>100</left>
		<width>324</width>
		<height>67</height>
		<textoffsetx>25</textoffsetx>
		<font>Font33_Bold_Caps</font>
		<textcolor>$VAR[PanelTextColorVar]</textcolor>
	</include>
	<include name="SettingsLeftButton">
		<width>324</width>
		<height>67</height>
		<textoffsetx>25</textoffsetx>
		<font>Font36_Reg</font>
		<texturenofocus/>
		<textcolor>$VAR[PanelSubTextColorVar]</textcolor>
	</include>
	<include name="SettingsRightLabel">
		<top>132</top>
		<left>425</left>
		<width>1395</width>
		<height>67</height>
		<textoffsetx>35</textoffsetx>
		<font>Font33_Bold_Caps</font>
		<textcolor>$VAR[PanelTextColorVar]</textcolor>
	</include>
	<include name="SettingsLabelSystemInfo">
		<width>1384</width>
		<height>55</height>
		<textoffsetx>35</textoffsetx>
		<textcolor>$VAR[PanelSubTextColorVar]</textcolor>
	</include>
	<!-- File Manager -->
	<include name="FileManagerList">
		<param name="id"/>
		<param name="left"/>
		<param name="onleft"/>
		<param name="onright"/>
		<param name="scrollbarid"/>
		<definition>
			<control type="list" id="$PARAM[id]">
				<left>$PARAM[left]</left>
				<top>141</top>
				<width>835</width>
				<height>798</height>
				<onleft>$PARAM[onleft]</onleft>
				<onright>$PARAM[onright]</onright>
				<pagecontrol>$PARAM[scrollbarid]</pagecontrol>
				<include>ContainerScrollTime</include>
				<itemlayout height="72.5">
					<control type="image">
						<texture border="30" colordiffuse="$VAR[PanelListSeparatorColorVar]">buttons/list-select-nofocus.png</texture>
					</control>
					<control type="label">
						<left>25</left>
						<label>$INFO[ListItem.Label]</label>
						<textcolor>$VAR[PanelSubTextColorVar]</textcolor>
					</control>
					<control type="label">
						<right>25</right>
						<align>right</align>
						<label>$INFO[ListItem.Label2]</label>
						<textcolor>$VAR[PanelSubTextColorVar]</textcolor>
					</control>
				</itemlayout>
				<focusedlayout height="72.5">
					<control type="group">
						<visible>Control.HasFocus($PARAM[id])</visible>
						<control type="image">
							<texture border="10" colordiffuse="$VAR[PanelHighlightColorVar]">buttons/list-select-focus.png</texture>
						</control>
						<control type="label">
							<left>25</left>
							<scroll>true</scroll>
							<label>$INFO[ListItem.Label]</label>
							<textcolor>$VAR[PanelFocusTextColorVar]</textcolor>
						</control>
						<control type="label">
							<right>25</right>
							<align>right</align>
							<label>$INFO[ListItem.Label2]</label>
							<textcolor>$VAR[PanelFocusTextColorVar]</textcolor>
						</control>
					</control>
					<control type="group">
						<visible>!Control.HasFocus($PARAM[id])</visible>
						<control type="image">
							<texture border="30" colordiffuse="$VAR[PanelListSeparatorColorVar]">buttons/list-select-nofocus.png</texture>
						</control>
						<control type="label">
							<left>25</left>
							<scroll>true</scroll>
							<label>$INFO[ListItem.Label]</label>
							<textcolor>$VAR[PanelSubTextColorVar]</textcolor>
						</control>
						<control type="label">
							<right>25</right>
							<align>right</align>
							<label>$INFO[ListItem.Label2]</label>
							<textcolor>$VAR[PanelSubTextColorVar]</textcolor>
						</control>
					</control>
				</focusedlayout>
			</control>
		</definition>
	</include>
	<include name="WidgetSelect">
		<param name="id">1</param>
		<definition>
			<control type="button" id="80$PARAM[id]">
				<left>425</left>
				<width>1395</width>
				<height>100%</height>
				<onclick>back</onclick>
				<texturefocus/>
				<texturenofocus/>
			</control>
			<control type="grouplist" id="80$PARAM[id]1">
				<top>200</top>
				<left>425</left>
				<width>1395</width>
				<height>670</height>
				<onleft>211</onleft>
				<onright>60</onright>
				<pagecontrol>60</pagecontrol>
				<control type="button" id="80$PARAM[id]2">
					<label>$LOCALIZE[31289] $PARAM[id]</label>
					<label2>$INFO[Container(211).ListItem.Property(widgetName.$PARAM[id])]</label2>
					<onclick>SetProperty(customProperty,widgetArtwork.$PARAM[id])</onclick>
					<onclick>SendClick(404)</onclick>
					<onclick>SetProperty(widgetID,$PARAM[id])</onclick>
					<onclick>SendClick(312)</onclick>
					<include>SettingsButton</include>
				</control>
				<control type="button" id="80$PARAM[id]3">
					<visible>!String.IsEmpty(Container(211).ListItem.Property(widgetPath.$PARAM[id]))</visible>
					<label>$LOCALIZE[736]</label>
					<label2>$VAR[Widget$PARAM[id]StyleLabelVar]</label2>
					<include>SettingsButton</include>
				</control>
				<control type="button" id="80$PARAM[id]4">
					<visible>!String.IsEmpty(Container(211).ListItem.Property(widgetPath.$PARAM[id]))</visible>
					<label>$LOCALIZE[39123]</label>
					<label2>$VAR[Widget$PARAM[id]ArtworkLabelVar]</label2>
					<include>SettingsButton</include>
				</control>
				<control type="button" id="80$PARAM[id]10">
					<visible>!String.IsEmpty(Container(211).ListItem.Property(widgetPath.$PARAM[id])) + !String.IsEqual(Container(211).ListItem.Property(widget.$PARAM[id]),info)</visible>
					<label>$LOCALIZE[31385]</label>
					<label2>$INFO[Container(211).ListItem.Property(widgetLimit.$PARAM[id])]</label2>
					<include>SettingsButton</include>
				</control>
				<control type="radiobutton" id="80$PARAM[id]6">
					<visible>!String.IsEmpty(Container(211).ListItem.Property(widgetPath.$PARAM[id])) + !String.IsEqual(Container(211).ListItem.Property(widget.$PARAM[id]),info)</visible>
					<label>$LOCALIZE[21899]</label>
					<onclick condition="!String.IsEmpty(Container(211).ListItem.Property(widgetLabel.$PARAM[id]))">SetProperty(customProperty,widgetLabel.$PARAM[id])</onclick>
					<onclick condition="String.IsEmpty(Container(211).ListItem.Property(widgetLabel.$PARAM[id]))">SetProperty(customProperty,widgetLabel.$PARAM[id])</onclick>
					<onclick condition="String.IsEmpty(Container(211).ListItem.Property(widgetLabel.$PARAM[id]))">SetProperty(customValue,true)</onclick>
					<onclick>SendClick(404)</onclick>
					<selected>!String.IsEmpty(Container(211).ListItem.Property(widgetLabel.$PARAM[id]))</selected>
					<include>SettingsRadioButton</include>
				</control>
				<control type="radiobutton" id="80$PARAM[id]7">
					<visible>!String.IsEmpty(Container(211).ListItem.Property(widgetPath.$PARAM[id])) + String.IsEqual(Container(211).ListItem.Property(widgetArtwork.$PARAM[id]),portraiticon) + [String.IsEqual(Container(211).ListItem.Property(widgetType.$PARAM[id]),movies) | String.IsEqual(Container(211).ListItem.Property(widgetType.$PARAM[id]),episodes) | String.IsEqual(Container(211).ListItem.Property(widgetType.$PARAM[id]),tvshows)]</visible>
					<label>$LOCALIZE[31237]</label>
					<onclick condition="String.IsEqual(Container(211).ListItem.Property(widgetCaseVideo.$PARAM[id]),false)">SetProperty(customProperty,widgetCaseVideo.$PARAM[id])</onclick>
					<onclick condition="String.IsEqual(Container(211).ListItem.Property(widgetCaseVideo.$PARAM[id]),false)">SetProperty(customValue,true)</onclick>
					<onclick condition="String.IsEqual(Container(211).ListItem.Property(widgetCaseVideo.$PARAM[id]),true)">SetProperty(customProperty,widgetCaseVideo.$PARAM[id])</onclick>
					<onclick condition="String.IsEqual(Container(211).ListItem.Property(widgetCaseVideo.$PARAM[id]),true)">SetProperty(customValue,false)</onclick>
					<onclick>SendClick(404)</onclick>
					<selected>String.IsEqual(Container(211).ListItem.Property(widgetCaseVideo.$PARAM[id]),true)</selected>
					<include>SettingsRadioButton</include>
				</control>
				<control type="radiobutton" id="80$PARAM[id]8">
					<visible>!String.IsEmpty(Container(211).ListItem.Property(widgetPath.$PARAM[id])) + !String.IsEmpty(Container(211).ListItem.Property(widgetStyle.$PARAM[id])) + String.IsEqual(Container(211).ListItem.Property(widgetArtwork.$PARAM[id]),squareicon) + [String.IsEqual(Container(211).ListItem.Property(widgetType.$PARAM[id]),albums) | String.IsEqual(Container(211).ListItem.Property(widgetType.$PARAM[id]),songs) | String.IsEqual(Container(211).ListItem.Property(widgetType.$PARAM[id]),musicvideos)]</visible>
					<label>$LOCALIZE[31291]</label>
					<onclick condition="String.IsEqual(Container(211).ListItem.Property(widgetCaseMusic.$PARAM[id]),false)">SetProperty(customProperty,widgetCaseMusic.$PARAM[id])</onclick>
					<onclick condition="String.IsEqual(Container(211).ListItem.Property(widgetCaseMusic.$PARAM[id]),false)">SetProperty(customValue,true)</onclick>
					<onclick condition="String.IsEqual(Container(211).ListItem.Property(widgetCaseMusic.$PARAM[id]),true)">SetProperty(customProperty,widgetCaseMusic.$PARAM[id])</onclick>
					<onclick condition="String.IsEqual(Container(211).ListItem.Property(widgetCaseMusic.$PARAM[id]),true)">SetProperty(customValue,false)</onclick>
					<onclick>SendClick(404)</onclick>
					<selected>String.IsEqual(Container(211).ListItem.Property(widgetCaseMusic.$PARAM[id]),true)</selected>
					<include>SettingsRadioButton</include>
				</control>
				<control type="radiobutton" id="80$PARAM[id]9">
					<visible>!String.IsEmpty(Container(211).ListItem.Property(widgetPath.$PARAM[id])) + [String.IsEqual(Container(211).ListItem.Property(widgetType.$PARAM[id]),movies) | String.IsEqual(Container(211).ListItem.Property(widgetType.$PARAM[id]),episodes) | String.IsEqual(Container(211).ListItem.Property(widgetType.$PARAM[id]),tvshows) | String.IsEqual(Container(211).ListItem.Property(widgetType.$PARAM[id]),musicvideos)]</visible>
					<label>$LOCALIZE[31363]</label>
					<onclick condition="String.IsEqual(Container(211).ListItem.Property(widgetWatchedStatus.$PARAM[id]),false)">SetProperty(customProperty,widgetWatchedStatus.$PARAM[id])</onclick>
					<onclick condition="String.IsEqual(Container(211).ListItem.Property(widgetWatchedStatus.$PARAM[id]),false)">SetProperty(customValue,true)</onclick>
					<onclick condition="String.IsEqual(Container(211).ListItem.Property(widgetWatchedStatus.$PARAM[id]),true)">SetProperty(customProperty,widgetWatchedStatus.$PARAM[id])</onclick>
					<onclick condition="String.IsEqual(Container(211).ListItem.Property(widgetWatchedStatus.$PARAM[id]),true)">SetProperty(customValue,false)</onclick>
					<onclick>SendClick(404)</onclick>
					<selected>String.IsEqual(Container(211).ListItem.Property(widgetWatchedStatus.$PARAM[id]),true)</selected>
					<include>SettingsRadioButton</include>
				</control>
			</control>
		</definition>
	</include>
	<!-- Skin settings decription -->
	<variable name="SettingsDescriptionVar">
		<value condition="Container(7000).HasFocus(1)">$LOCALIZE[31918]</value>
		<value condition="Container(7000).HasFocus(2)">$LOCALIZE[31919]</value>
		<value condition="Container(7000).HasFocus(3)">$LOCALIZE[31920]</value>
		<value condition="Container(7000).HasFocus(4)">$LOCALIZE[31921]</value>
		<value condition="Container(7000).HasFocus(5)">$LOCALIZE[31922]</value>
		<value condition="Container(7000).HasFocus(6)">$LOCALIZE[31923]</value>
		<value condition="Container(7000).HasFocus(7)">$LOCALIZE[31924]</value>
	</variable>
	<!-- General description -->
	<variable name="GeneralDescriptionVar">
		<value condition="Control.HasFocus(102)">$LOCALIZE[31911]</value>
		<value condition="Control.HasFocus(103)">$LOCALIZE[31912]</value>
		<value condition="Control.HasFocus(104)">$LOCALIZE[31913]</value>
		<value condition="Control.HasFocus(105)">$LOCALIZE[31914]</value>
		<value condition="Control.HasFocus(107)">$LOCALIZE[31915]</value>
		<value condition="Control.HasFocus(108)">$LOCALIZE[31916]</value>
		<value condition="Control.HasFocus(110)">$LOCALIZE[31917]</value>
	</variable>
	<!-- Background description -->
	<variable name="BackgroundDescriptionVar">
		<value condition="Control.HasFocus(402)">$LOCALIZE[31955]</value>
		<value condition="Control.HasFocus(403)">$LOCALIZE[31424]</value>
		<value condition="Control.HasFocus(404)">$LOCALIZE[31956]</value>
		<value condition="Control.HasFocus(411)">$LOCALIZE[31957]</value>
		<value condition="Control.HasFocus(412)">$LOCALIZE[31961]</value>
		<value condition="Control.HasFocus(413)">$LOCALIZE[31962]</value>
		<value condition="Control.HasFocus(414)">$LOCALIZE[31958]</value>
		<value condition="Control.HasFocus(415)">$LOCALIZE[31959]</value>
		<value condition="Container(7000).HasFocus(4)">$LOCALIZE[31921]</value>
	</variable>
	<!-- Furniture description -->
	<variable name="FurnitureDescriptionVar">
		<value condition="Control.HasFocus(502)">$LOCALIZE[31925]</value>
		<value condition="Control.HasFocus(503)">$LOCALIZE[31926]</value>
		<value condition="Control.HasFocus(504)">$LOCALIZE[31927]</value>
		<value condition="Control.HasFocus(505)">$LOCALIZE[31928]</value>
		<value condition="Control.HasFocus(506)">$LOCALIZE[31929]</value>
		<value condition="Control.HasFocus(507)">$LOCALIZE[31971]</value>
		<value condition="Control.HasFocus(508)">$LOCALIZE[31413]</value>
		<value condition="Control.HasFocus(509)">$LOCALIZE[31212]</value>
		<value condition="Control.HasFocus(511)">$LOCALIZE[31930]</value>
		<value condition="Control.HasFocus(512)">$LOCALIZE[31931]</value>
		<value condition="Control.HasFocus(513)">$LOCALIZE[31414]</value>
		<value condition="Control.HasFocus(514)">$LOCALIZE[31227]</value>
		<value condition="Control.HasFocus(515)">$LOCALIZE[31369]</value>
		<value condition="Control.HasFocus(516)">$LOCALIZE[31422]</value>
		<value condition="Control.HasFocus(521)">$LOCALIZE[31932]</value>
		<value condition="Control.HasFocus(522)">$LOCALIZE[31933]</value>
		<value condition="Control.HasFocus(523)">$LOCALIZE[31934]</value>
		<value condition="Control.HasFocus(524)">$LOCALIZE[31935]</value>
		<value condition="Control.HasFocus(525)">$LOCALIZE[31936]</value>
		<value condition="Control.HasFocus(526)">$LOCALIZE[31937]</value>
		<value condition="Control.HasFocus(527)">$LOCALIZE[31938]</value>
		<value condition="Control.HasFocus(528)">$LOCALIZE[38112]</value>
		<value condition="Control.HasFocus(531)">$LOCALIZE[31963]</value>
		<value condition="Control.HasFocus(532)">$LOCALIZE[31964]</value>
		<value condition="Control.HasFocus(533)">$LOCALIZE[31965]</value>
		<value condition="Control.HasFocus(534)">$LOCALIZE[31966]</value>
		<value condition="Control.HasFocus(535)">$LOCALIZE[31967]</value>
		<value condition="Control.HasFocus(537)">$LOCALIZE[31420]</value>
	</variable>
	<!-- Artwork description -->
	<variable name="ArtworkDescriptionVar">
		<value condition="Control.HasFocus(602)">$LOCALIZE[31940]</value>
		<value condition="Control.HasFocus(603)">$LOCALIZE[31941]</value>
		<value condition="Control.HasFocus(604)">$LOCALIZE[31402]</value>
		<value condition="Control.HasFocus(606)">$LOCALIZE[31403]</value>
		<value condition="Control.HasFocus(618)">$LOCALIZE[31943]</value>
		<value condition="Control.HasFocus(619)">$LOCALIZE[31944]</value>
		<value condition="Control.HasFocus(621)">$LOCALIZE[31945]</value>
		<value condition="Control.HasFocus(622)">$LOCALIZE[31946]</value>
		<value condition="Control.HasFocus(623)">$LOCALIZE[31947]</value>
		<value condition="Control.HasFocus(624)">$LOCALIZE[31948]</value>
		<value condition="Control.HasFocus(625)">$LOCALIZE[31949]</value>
		<value condition="Control.HasFocus(626)">$LOCALIZE[31950]</value>
		<value condition="Control.HasFocus(627)">$LOCALIZE[31951]</value>
		<value condition="Control.HasFocus(628)">$LOCALIZE[31952]</value>
		<value condition="Control.HasFocus(629)">$LOCALIZE[31953]</value>
		<value condition="Control.HasFocus(630)">$LOCALIZE[31954]</value>
	</variable>
	<!-- Addon description -->
	<variable name="AddonDescriptionVar">
		<value condition="Control.HasFocus(702)">$LOCALIZE[31901]</value>
		<value condition="Control.HasFocus(703)">$LOCALIZE[31902]</value>
		<value condition="Control.HasFocus(704)">$LOCALIZE[31903]</value>
		<value condition="Control.HasFocus(705)">$LOCALIZE[31904]</value>
		<value condition="Control.HasFocus(706)">$LOCALIZE[31187]</value>
		<value condition="Control.HasFocus(711)">$LOCALIZE[31905]</value>
		<value condition="Control.HasFocus(712)">$LOCALIZE[31906]</value>
		<value condition="Control.HasFocus(713)">$LOCALIZE[31907]</value>
		<value condition="Control.HasFocus(721)">$LOCALIZE[31908]</value>
		<value condition="Control.HasFocus(722)">$LOCALIZE[31909]</value>
		<value condition="Control.HasFocus(723)">$LOCALIZE[31910]</value>
		<value condition="Control.HasFocus(724)">$LOCALIZE[31960]</value>
		<value condition="Control.HasFocus(725)">$LOCALIZE[31968]</value>
		<value condition="Control.HasFocus(726)">$LOCALIZE[31969]</value>
		<value condition="Control.HasFocus(727)">$LOCALIZE[31972]</value>
		<value condition="Control.HasFocus(728)">$LOCALIZE[31970]</value>
	</variable>
	<!-- Required addons -->
	<variable name="AddonSkinShortcutsVar">
		<value condition="!System.HasAddon(script.skinshortcuts)">[COLOR red]✕[/COLOR]</value>
		<value condition="!System.AddonIsEnabled(script.skinshortcuts)">$LOCALIZE[1223]  [COLOR orange]✕[/COLOR]</value>
		<value>$INFO[System.AddonVersion(script.skinshortcuts),v, ][COLOR green]✓[/COLOR]</value>
	</variable>
	<variable name="AddonEmbuaryHelperVar">
		<value condition="!System.HasAddon(script.embuary.helper)">[COLOR red]✕[/COLOR]</value>
		<value condition="!System.AddonIsEnabled(script.embuary.helper)">$LOCALIZE[1223]  [COLOR orange]✕[/COLOR]</value>
		<value>$INFO[System.AddonVersion(script.embuary.helper),v, ][COLOR green]✓[/COLOR]</value>
	</variable>
	<!-- <variable name="AddonColorPickerVar">
		<value condition="!System.HasAddon(script.skin.helper.colorpicker)">[COLOR red]✕[/COLOR]</value>
		<value condition="!System.AddonIsEnabled(script.skin.helper.colorpicker)">$LOCALIZE[1223]  [COLOR orange]✕[/COLOR]</value>
		<value>$INFO[System.AddonVersion(script.skin.helper.colorpicker),v, ][COLOR green]✓[/COLOR]</value>
	</variable> --> <!-- DEPRECATED & REMOVED -->
	<variable name="AddonResourceSelectVar">
		<value condition="!System.HasAddon(script.image.resource.select)">[COLOR red]✕[/COLOR]</value>
		<value condition="!System.AddonIsEnabled(script.image.resource.select)">$LOCALIZE[1223]  [COLOR orange]✕[/COLOR]</value>
		<value>$INFO[System.AddonVersion(script.image.resource.select),v, ][COLOR green]✓[/COLOR]</value>
	</variable>
	<variable name="AddonSkinVariablesVar">
		<value condition="!System.HasAddon(script.skinvariables)">[COLOR red]✕[/COLOR]</value>
		<value condition="!System.AddonIsEnabled(script.skinvariables)">$LOCALIZE[1223]  [COLOR orange]✕[/COLOR]</value>
		<value>$INFO[System.AddonVersion(script.skinvariables),v, ][COLOR green]✓[/COLOR]</value>
	</variable>	
	<!-- Recommended addons -->
	<variable name="AddonTMDbHelperVar">
		<value condition="!System.HasAddon(plugin.video.themoviedb.helper)">[COLOR red]✕[/COLOR]</value>
		<value condition="!System.AddonIsEnabled(plugin.video.themoviedb.helper)">$LOCALIZE[1223]  [COLOR orange]✕[/COLOR]</value>
		<value>$INFO[System.AddonVersion(plugin.video.themoviedb.helper),v, ][COLOR green]✓[/COLOR]</value>
	</variable>
	<variable name="AddonLyricsVar">
		<value condition="!System.HasAddon(script.cu.lrclyrics)">[COLOR red]✕[/COLOR]</value>
		<value condition="!System.AddonIsEnabled(script.cu.lrclyrics)">$LOCALIZE[1223]  [COLOR orange]✕[/COLOR]</value>
		<value>$INFO[System.AddonVersion(script.cu.lrclyrics),v, ][COLOR green]✓[/COLOR]</value>
	</variable>
	<!-- Optional addons -->
	<variable name="AddonTraktVar">
		<value condition="!System.HasAddon(script.trakt)">[COLOR red]✕[/COLOR]</value>
		<value condition="!System.AddonIsEnabled(script.trakt)">$LOCALIZE[1223]  [COLOR orange]✕[/COLOR]</value>
		<value>$INFO[System.AddonVersion(script.trakt),v, ][COLOR green]✓[/COLOR]</value>
	</variable>
	<variable name="AddonFavouritesVar">
		<value condition="!System.HasAddon(script.favourites)">[COLOR red]✕[/COLOR]</value>
		<value condition="!System.AddonIsEnabled(script.favourites)">$LOCALIZE[1223]  [COLOR orange]✕[/COLOR]</value>
		<value>$INFO[System.AddonVersion(script.favourites),v, ][COLOR green]✓[/COLOR]</value>
	</variable>
	<variable name="AddonArtworkDumpVar">
		<value condition="!System.HasAddon(script.artwork.dump)">[COLOR red]✕[/COLOR]</value>
		<value condition="!System.AddonIsEnabled(script.artwork.dump)">$LOCALIZE[1223]  [COLOR orange]✕[/COLOR]</value>
		<value>$INFO[System.AddonVersion(script.artwork.dump),v, ][COLOR green]✓[/COLOR]</value>
	</variable>
	<variable name="AddonEmbuaryInfoVar">
		<value condition="!System.HasAddon(script.embuary.info)">[COLOR red]✕[/COLOR]</value>
		<value condition="!System.AddonIsEnabled(script.embuary.info)">$LOCALIZE[1223]  [COLOR orange]✕[/COLOR]</value>
		<value>$INFO[System.AddonVersion(script.embuary.info),v, ][COLOR green]✓[/COLOR]</value>
	</variable>
	<variable name="AddonArtistSlideshowVar">
		<value condition="!System.HasAddon(script.artistslideshow)">[COLOR red]✕[/COLOR]</value>
		<value condition="!System.AddonIsEnabled(script.artistslideshow)">$LOCALIZE[1223]  [COLOR orange]✕[/COLOR]</value>
		<value>$INFO[System.AddonVersion(script.artistslideshow),v, ][COLOR green]✓[/COLOR]</value>
	</variable>
	<variable name="AddonUpNextVar">
		<value condition="!System.HasAddon(service.upnext)">[COLOR red]✕[/COLOR]</value>
		<value condition="!System.AddonIsEnabled(service.upnext)">$LOCALIZE[1223]  [COLOR orange]✕[/COLOR]</value>
		<value>$INFO[System.AddonVersion(service.upnext),v, ][COLOR green]✓[/COLOR]</value>
	</variable>
	<variable name="AddonTVtunesVar">
		<value condition="!System.HasAddon(service.tvtunes)">[COLOR red]✕[/COLOR]</value>
		<value condition="!System.AddonIsEnabled(service.tvtunes)">$LOCALIZE[1223]  [COLOR orange]✕[/COLOR]</value>
		<value>$INFO[System.AddonVersion(service.tvtunes),v, ][COLOR green]✓[/COLOR]</value>
	</variable>
	<variable name="AddonRSSVar">
		<value condition="!System.HasAddon(script.rss.editor)">[COLOR red]✕[/COLOR]</value>
		<value condition="!System.AddonIsEnabled(script.rss.editor)">$LOCALIZE[1223]  [COLOR orange]✕[/COLOR]</value>
		<value>$INFO[System.AddonVersion(script.rss.editor),v, ][COLOR green]✓[/COLOR]</value>
	</variable>
	<variable name="AddonNodeVar">
		<value condition="!System.HasAddon(plugin.library.node.editor)">[COLOR red]✕[/COLOR]</value>
		<value condition="!System.AddonIsEnabled(plugin.library.node.editor)">$LOCALIZE[1223]  [COLOR orange]✕[/COLOR]</value>
		<value>$INFO[System.AddonVersion(plugin.library.node.editor),v, ][COLOR green]✓[/COLOR]</value>
	</variable>
	<!-- Image resource addons -->
<!-- 	<variable name="AddonWeatherIconsVar">
		<value condition="!Skin.String(WeatherIcons.name)">[COLOR red]✕[/COLOR]</value>
		<value>$INFO[Skin.String(WeatherIcons.name),, ][COLOR green]✓[/COLOR]</value>
	</variable> -->
	<variable name="AddonWeatherIconsVar">
	<value condition="!System.HasAddon(script.image.resource.select)">[COLOR red]✕[/COLOR]</value>
		<value condition="!Skin.String(WeatherIcons.name)">[COLOR orange]✕[/COLOR]</value>
		<value>$INFO[Skin.String(WeatherIcons.name),, ][COLOR green]✓[/COLOR]</value>
	</variable>	
<!-- 	<variable name="AddonWeatherFanartVar">
		<value condition="!Skin.String(WeatherFanart.name)">[COLOR red]✕[/COLOR]</value>
		<value>$INFO[Skin.String(WeatherFanart.name),, ][COLOR green]✓[/COLOR]</value>
	</variable> -->
	<variable name="AddonWeatherFanartVar">
		<value condition="!System.HasAddon(script.image.resource.select)">[COLOR red]✕[/COLOR]</value>
		<value condition="!Skin.String(WeatherFanart.name)">[COLOR orange]✕[/COLOR]</value>
		<value>$INFO[Skin.String(WeatherFanart.name),, ][COLOR green]✓[/COLOR]</value>
	</variable>	
	<variable name="AddonWhiteStudiosVar">
		<value condition="!System.HasAddon(resource.images.studios.white)">[COLOR red]✕[/COLOR]</value>
		<value condition="!System.AddonIsEnabled(resource.images.studios.white)">$LOCALIZE[1223]  [COLOR orange]✕[/COLOR]</value>
		<value>$INFO[System.AddonVersion(resource.images.studios.white),v, ][COLOR green]✓[/COLOR]</value>
	</variable>
	<variable name="AddonColouredStudiosVar">
		<value condition="!System.HasAddon(resource.images.studios.coloured)">[COLOR red]✕[/COLOR]</value>
		<value condition="!System.AddonIsEnabled(resource.images.studios.coloured)">$LOCALIZE[1223]  [COLOR orange]✕[/COLOR]</value>
		<value>$INFO[System.AddonVersion(resource.images.studios.coloured),v, ][COLOR green]✓[/COLOR]</value>
	</variable>
	<variable name="AddonRecordLabelsVar">
		<value condition="!System.HasAddon(resource.images.recordlabels.white)">[COLOR red]✕[/COLOR]</value>
		<value condition="!System.AddonIsEnabled(resource.images.recordlabels.white)">$LOCALIZE[1223]  [COLOR orange]✕[/COLOR]</value>
		<value>$INFO[System.AddonVersion(resource.images.recordlabels.white),v, ][COLOR green]✓[/COLOR]</value>
	</variable>
	<variable name="AddonLanguageFlagsVar">
		<value condition="!System.HasAddon(resource.images.languageflags.rounded)">[COLOR red]✕[/COLOR]</value>
		<value condition="!System.AddonIsEnabled(resource.images.languageflags.rounded)">$LOCALIZE[1223]  [COLOR orange]✕[/COLOR]</value>
		<value>$INFO[System.AddonVersion(resource.images.languageflags.rounded),v, ][COLOR green]✓[/COLOR]</value>
	</variable>
	<variable name="AdoonMusicGenreIconsVar">
		<value condition="!System.HasAddon(resource.images.musicgenreicons.text)">[COLOR red]✕[/COLOR]</value>
		<value condition="!System.AddonIsEnabled(resource.images.musicgenreicons.text)">$LOCALIZE[1223]  [COLOR orange]✕[/COLOR]</value>
		<value>$INFO[System.AddonVersion(resource.images.musicgenreicons.text),v, ][COLOR green]✓[/COLOR]</value>
	</variable>
	<variable name="AdoonMovieGenreIconsVar">
		<value condition="!System.HasAddon(resource.images.moviegenreicons.filmstrip-hd.colour)">[COLOR red]✕[/COLOR]</value>
		<value condition="!System.AddonIsEnabled(resource.images.moviegenreicons.filmstrip-hd.colour)">$LOCALIZE[1223]  [COLOR orange]✕[/COLOR]</value>
		<value>$INFO[System.AddonVersion(resource.images.moviegenreicons.filmstrip-hd.colour),v, ][COLOR green]✓[/COLOR]</value>
	</variable>
	<variable name="AdoonMovieGenreIconsBWVar">
		<value condition="!System.HasAddon(resource.images.moviegenreicons.filmstrip-hd.bw)">[COLOR red]✕[/COLOR]</value>
		<value condition="!System.AddonIsEnabled(resource.images.moviegenreicons.filmstrip-hd.bw)">$LOCALIZE[1223]  [COLOR orange]✕[/COLOR]</value>
		<value>$INFO[System.AddonVersion(resource.images.moviegenreicons.filmstrip-hd.bw),v, ][COLOR green]✓[/COLOR]</value>
	</variable>
	<variable name="AddonCountryIconsVar">
		<value condition="!System.HasAddon(resource.images.moviecountryicons.flags)">[COLOR red]✕[/COLOR]</value>
		<value condition="!System.AddonIsEnabled(resource.images.moviecountryicons.flags)">$LOCALIZE[1223]  [COLOR orange]✕[/COLOR]</value>
		<value>$INFO[System.AddonVersion(resource.images.moviecountryicons.flags),v, ][COLOR green]✓[/COLOR]</value>
	</variable>
	<!-- Widgets -->
	<variable name="Widget1StyleLabelVar">
		<value condition="String.IsEqual(Container(211).ListItem.Property(widgetStyle.1),big)">$LOCALIZE[31210]</value>
		<value condition="String.IsEqual(Container(211).ListItem.Property(widgetStyle.1),medium)">$LOCALIZE[601]</value>
		<value condition="String.IsEqual(Container(211).ListItem.Property(widgetStyle.1),small)">$LOCALIZE[1438]</value>
	</variable>
	<variable name="Widget1ArtworkLabelVar">
		<value condition="String.IsEqual(Container(211).ListItem.Property(widgetArtwork.1),portraiticon)">$LOCALIZE[31248]</value>
		<value condition="String.IsEqual(Container(211).ListItem.Property(widgetArtwork.1),squareicon)">$LOCALIZE[31260]</value>
		<value condition="String.IsEqual(Container(211).ListItem.Property(widgetArtwork.1),landscapeicon)">$LOCALIZE[31250]</value>
		<value condition="String.IsEqual(Container(211).ListItem.Property(widgetArtwork.1),fanart)">$LOCALIZE[20445]</value>
		<value condition="String.IsEqual(Container(211).ListItem.Property(widgetArtwork.1),thumb)">$LOCALIZE[39114]</value>
		<value condition="String.IsEqual(Container(211).ListItem.Property(widgetArtwork.1),landscape)">$LOCALIZE[31201]</value>
		<value condition="String.IsEqual(Container(211).ListItem.Property(widgetArtwork.1),clearart)">$LOCALIZE[31165]</value>
		<value condition="String.IsEqual(Container(211).ListItem.Property(widgetArtwork.1),clearlogo)">$LOCALIZE[31202]</value>
	</variable>
	<variable name="Widget2StyleLabelVar">
		<value condition="String.IsEqual(Container(211).ListItem.Property(widgetStyle.2),big)">$LOCALIZE[31210]</value>
		<value condition="String.IsEqual(Container(211).ListItem.Property(widgetStyle.2),medium)">$LOCALIZE[601]</value>
		<value condition="String.IsEqual(Container(211).ListItem.Property(widgetStyle.2),small)">$LOCALIZE[1438]</value>
	</variable>
	<variable name="Widget2ArtworkLabelVar">
		<value condition="String.IsEqual(Container(211).ListItem.Property(widgetArtwork.2),portraiticon)">$LOCALIZE[31248]</value>
		<value condition="String.IsEqual(Container(211).ListItem.Property(widgetArtwork.2),squareicon)">$LOCALIZE[31260]</value>
		<value condition="String.IsEqual(Container(211).ListItem.Property(widgetArtwork.2),landscapeicon)">$LOCALIZE[31250]</value>
		<value condition="String.IsEqual(Container(211).ListItem.Property(widgetArtwork.2),fanart)">$LOCALIZE[20445]</value>
		<value condition="String.IsEqual(Container(211).ListItem.Property(widgetArtwork.2),thumb)">$LOCALIZE[39114]</value>
		<value condition="String.IsEqual(Container(211).ListItem.Property(widgetArtwork.2),landscape)">$LOCALIZE[31201]</value>
		<value condition="String.IsEqual(Container(211).ListItem.Property(widgetArtwork.2),clearart)">$LOCALIZE[31165]</value>
		<value condition="String.IsEqual(Container(211).ListItem.Property(widgetArtwork.2),clearlogo)">$LOCALIZE[31202]</value>
	</variable>
	<variable name="Widget3StyleLabelVar">
		<value condition="String.IsEqual(Container(211).ListItem.Property(widgetStyle.3),big)">$LOCALIZE[31210]</value>
		<value condition="String.IsEqual(Container(211).ListItem.Property(widgetStyle.3),medium)">$LOCALIZE[601]</value>
		<value condition="String.IsEqual(Container(211).ListItem.Property(widgetStyle.3),small)">$LOCALIZE[1438]</value>
	</variable>
	<variable name="Widget3ArtworkLabelVar">
		<value condition="String.IsEqual(Container(211).ListItem.Property(widgetArtwork.3),portraiticon)">$LOCALIZE[31248]</value>
		<value condition="String.IsEqual(Container(211).ListItem.Property(widgetArtwork.3),squareicon)">$LOCALIZE[31260]</value>
		<value condition="String.IsEqual(Container(211).ListItem.Property(widgetArtwork.3),landscapeicon)">$LOCALIZE[31250]</value>
		<value condition="String.IsEqual(Container(211).ListItem.Property(widgetArtwork.3),fanart)">$LOCALIZE[20445]</value>
		<value condition="String.IsEqual(Container(211).ListItem.Property(widgetArtwork.3),thumb)">$LOCALIZE[39114]</value>
		<value condition="String.IsEqual(Container(211).ListItem.Property(widgetArtwork.3),landscape)">$LOCALIZE[31201]</value>
		<value condition="String.IsEqual(Container(211).ListItem.Property(widgetArtwork.3),clearart)">$LOCALIZE[31165]</value>
		<value condition="String.IsEqual(Container(211).ListItem.Property(widgetArtwork.3),clearlogo)">$LOCALIZE[31202]</value>
	</variable>
	<variable name="Widget4StyleLabelVar">
		<value condition="String.IsEqual(Container(211).ListItem.Property(widgetStyle.4),big)">$LOCALIZE[31210]</value>
		<value condition="String.IsEqual(Container(211).ListItem.Property(widgetStyle.4),medium)">$LOCALIZE[601]</value>
		<value condition="String.IsEqual(Container(211).ListItem.Property(widgetStyle.4),small)">$LOCALIZE[1438]</value>
	</variable>
	<variable name="Widget4ArtworkLabelVar">
		<value condition="String.IsEqual(Container(211).ListItem.Property(widgetArtwork.4),portraiticon)">$LOCALIZE[31248]</value>
		<value condition="String.IsEqual(Container(211).ListItem.Property(widgetArtwork.4),squareicon)">$LOCALIZE[31260]</value>
		<value condition="String.IsEqual(Container(211).ListItem.Property(widgetArtwork.4),landscapeicon)">$LOCALIZE[31250]</value>
		<value condition="String.IsEqual(Container(211).ListItem.Property(widgetArtwork.4),fanart)">$LOCALIZE[20445]</value>
		<value condition="String.IsEqual(Container(211).ListItem.Property(widgetArtwork.4),thumb)">$LOCALIZE[39114]</value>
		<value condition="String.IsEqual(Container(211).ListItem.Property(widgetArtwork.4),landscape)">$LOCALIZE[31201]</value>
		<value condition="String.IsEqual(Container(211).ListItem.Property(widgetArtwork.4),clearart)">$LOCALIZE[31165]</value>
		<value condition="String.IsEqual(Container(211).ListItem.Property(widgetArtwork.4),clearlogo)">$LOCALIZE[31202]</value>
	</variable>
	<variable name="Widget5StyleLabelVar">
		<value condition="String.IsEqual(Container(211).ListItem.Property(widgetStyle.5),big)">$LOCALIZE[31210]</value>
		<value condition="String.IsEqual(Container(211).ListItem.Property(widgetStyle.5),medium)">$LOCALIZE[601]</value>
		<value condition="String.IsEqual(Container(211).ListItem.Property(widgetStyle.5),small)">$LOCALIZE[1438]</value>
	</variable>
	<variable name="Widget5ArtworkLabelVar">
		<value condition="String.IsEqual(Container(211).ListItem.Property(widgetArtwork.5),portraiticon)">$LOCALIZE[31248]</value>
		<value condition="String.IsEqual(Container(211).ListItem.Property(widgetArtwork.5),squareicon)">$LOCALIZE[31260]</value>
		<value condition="String.IsEqual(Container(211).ListItem.Property(widgetArtwork.5),landscapeicon)">$LOCALIZE[31250]</value>
		<value condition="String.IsEqual(Container(211).ListItem.Property(widgetArtwork.5),fanart)">$LOCALIZE[20445]</value>
		<value condition="String.IsEqual(Container(211).ListItem.Property(widgetArtwork.5),thumb)">$LOCALIZE[39114]</value>
		<value condition="String.IsEqual(Container(211).ListItem.Property(widgetArtwork.5),landscape)">$LOCALIZE[31201]</value>
		<value condition="String.IsEqual(Container(211).ListItem.Property(widgetArtwork.5),clearart)">$LOCALIZE[31165]</value>
		<value condition="String.IsEqual(Container(211).ListItem.Property(widgetArtwork.5),clearlogo)">$LOCALIZE[31202]</value>
	</variable>
	<variable name="Widget6StyleLabelVar">
		<value condition="String.IsEqual(Container(211).ListItem.Property(widgetStyle.6),big)">$LOCALIZE[31210]</value>
		<value condition="String.IsEqual(Container(211).ListItem.Property(widgetStyle.6),medium)">$LOCALIZE[601]</value>
		<value condition="String.IsEqual(Container(211).ListItem.Property(widgetStyle.6),small)">$LOCALIZE[1438]</value>
	</variable>
	<variable name="Widget6ArtworkLabelVar">
		<value condition="String.IsEqual(Container(211).ListItem.Property(widgetArtwork.6),portraiticon)">$LOCALIZE[31248]</value>
		<value condition="String.IsEqual(Container(211).ListItem.Property(widgetArtwork.6),squareicon)">$LOCALIZE[31260]</value>
		<value condition="String.IsEqual(Container(211).ListItem.Property(widgetArtwork.6),landscapeicon)">$LOCALIZE[31250]</value>
		<value condition="String.IsEqual(Container(211).ListItem.Property(widgetArtwork.6),fanart)">$LOCALIZE[20445]</value>
		<value condition="String.IsEqual(Container(211).ListItem.Property(widgetArtwork.6),thumb)">$LOCALIZE[39114]</value>
		<value condition="String.IsEqual(Container(211).ListItem.Property(widgetArtwork.6),landscape)">$LOCALIZE[31201]</value>
		<value condition="String.IsEqual(Container(211).ListItem.Property(widgetArtwork.6),clearart)">$LOCALIZE[31165]</value>
		<value condition="String.IsEqual(Container(211).ListItem.Property(widgetArtwork.6),clearlogo)">$LOCALIZE[31202]</value>
	</variable>
	<variable name="BackgroundCoverLabelVar">
		<value condition="String.IsEqual(Container(211).ListItem.Property(coverBackground),fanart)">$LOCALIZE[20445]</value>
		<value condition="!String.IsEmpty(Container(211).ListItem.Property(coverBackground),square)">$INFO[Container(211).ListItem.Property(coverBackground)]</value>
		<value>$LOCALIZE[571]</value>
	</variable>
	<variable name="BackgroundSortDirectionLabelVar">
		<value condition="String.IsEqual(Container(211).ListItem.Property(coverSortBy),title)">$LOCALIZE[369]</value>
		<value condition="String.IsEqual(Container(211).ListItem.Property(coverSortBy),date)">$LOCALIZE[552]</value>
		<value condition="String.IsEqual(Container(211).ListItem.Property(coverSortBy),year)">$LOCALIZE[345]</value>
		<value condition="String.IsEqual(Container(211).ListItem.Property(coverSortBy),random)">$LOCALIZE[590]</value>
		<value>$LOCALIZE[571]</value>
	</variable>
	<variable name="BackgroundSortOrderLabelVar">
		<value condition="String.IsEqual(Container(211).ListItem.Property(coverSortOrder),ascending)">$LOCALIZE[584]</value>
		<value condition="!String.IsEmpty(Container(211).ListItem.Property(coverSortOrder),descending)">$LOCALIZE[585]</value>
		<value>$LOCALIZE[571]</value>
	</variable>
	<variable name="SkinShortcutLabelVar">
		<value condition="Control.HasFocus(301)">$ADDON[script.skinshortcuts 32000]</value>
		<value condition="Control.HasFocus(302)">$ADDON[script.skinshortcuts 32001]</value>
		<value condition="Control.HasFocus(303)">$ADDON[script.skinshortcuts 32002]</value>
		<value condition="Control.HasFocus(304)">$ADDON[script.skinshortcuts 32003]</value>
		<value condition="Control.HasFocus(308)">$ADDON[script.skinshortcuts 32102]</value>
	</variable>
	<variable name="SkinShortcutsLeftLabelVar">
		<value condition="!String.IsEmpty(Window(Home).Property(skinshortcuts-Background))">$LOCALIZE[33068]</value>
		<value condition="!String.IsEmpty(Window(Home).Property(skinshortcuts-LiveBackground))">$LOCALIZE[31103]</value>
		<value condition="!String.IsEmpty(Window(Home).Property(skinshortcuts-Widget))">$LOCALIZE[31039]</value>
		<value condition="String.IsEqual(Window.Property(groupname),mainmenu)">$LOCALIZE[33061]</value>
		<value condition="String.IsEqual(Window.Property(groupname),shortcuts)">$LOCALIZE[13398]</value>
		<value>$LOCALIZE[1034]</value>
	</variable>
	<variable name="NowPlayingMusicBackgroundLabelVar">
		<value condition="Skin.String(NowPlayingMusicBackground,fanart)">$LOCALIZE[20445]</value>
		<value condition="Skin.String(NowPlayingMusicBackground,extra)">$LOCALIZE[31035]</value>
		<value condition="Skin.String(NowPlayingMusicBackground,artistsslideshow)">$LOCALIZE[31353]</value>
		<value condition="!String.IsEmpty(Skin.String(NowPlayingMusicBackground))">$INFO[Skin.String(NowPlayingMusicBackground)]</value>
		<value>$LOCALIZE[231]</value>
	</variable>
	<variable name="FanartTimePerImageLabelVar">
		<value condition="!String.IsEmpty(Skin.String(FanartTimePerImage))">$INFO[Skin.String(FanartTimePerImage)] $LOCALIZE[31311]</value>
		<value>7 $LOCALIZE[31311]</value>
	</variable>
</includes>