<?xml version="1.0" encoding="utf-8"?>
<includes>
	<include name="ThemeDefault">
		<!-- Panel theme -->
		<onclick>Skin.Reset(Panel.texture)</onclick>
		<onclick>Skin.Reset(PanelTexture.texture)</onclick>
		<onclick>Skin.Reset(PanelEmboss.texture)</onclick>
		<onclick>Skin.Reset(PanelSquare.texture)</onclick>
		<!-- Topbar theme -->
		<onclick>Skin.Reset(TopbarTexture.texture)</onclick>
		<!-- Background theme -->
		<onclick>Skin.Reset(BackgroundTexture.texture)</onclick>
		<onclick>Skin.Reset(BackgroundShadow)</onclick>
		<!-- Mainmenu theme -->
		<onclick>Skin.Reset(MainMenuStyle.texture)</onclick>
		<onclick>Skin.Reset(MainMenuTexture.texture)</onclick>
		<onclick>Skin.Reset(MainMenuSystemBar.texture)</onclick>
		<onclick>Skin.Reset(MainMenuSubmenuBar.texture)</onclick>
		<onclick>Skin.Reset(MainMenuRSSBar.texture)</onclick>
		<!-- Panel colors -->
		<onclick>Skin.Reset(PanelStyle.color)</onclick>
		<onclick>Skin.Reset(PanelTexture.color)</onclick>
		<onclick>Skin.Reset(PanelEmboss.color)</onclick>
		<onclick>Skin.Reset(PanelShadow.color)</onclick>
		<onclick>Skin.Reset(PanelHighlight.color)</onclick>
		<onclick>Skin.Reset(PanelText.color)</onclick>
		<onclick>Skin.Reset(PanelSubText.color)</onclick>
		<onclick>Skin.Reset(PanelFocusText.color)</onclick>
		<onclick>Skin.Reset(PanelDisabledText.color)</onclick>
		<onclick>Skin.Reset(PanelListSeparator.color)</onclick>
		<!-- Main menu colors -->
		<onclick>Skin.Reset(MainMenuStyle.color)</onclick>
		<onclick>Skin.Reset(MainMenuTexture.color)</onclick>
		<onclick>Skin.Reset(MainMenuGradient.color)</onclick>
		<onclick>Skin.Reset(MainMenuWidget.color)</onclick>
		<!-- Background colors -->
		<onclick>Skin.Reset(BackgroundTexture.color)</onclick>
		<onclick>Skin.Reset(BackgroundShadow.color)</onclick>
		<!-- Topbar / Main menu bars colors -->
		<onclick>Skin.Reset(TopbarTexture.color)</onclick>
		<onclick>Skin.Reset(TopbarShadowTexture.color)</onclick>
		<!-- Floor colors -->
		<onclick>Skin.Reset(FloorStyle.color)</onclick>
		<onclick>Skin.Reset(FloorHighlight.color)</onclick>
	</include>
	<include name="ThemeNox4">
		<!-- Panel theme -->
		<onclick>Skin.SetString(Panel.texture,nox4)</onclick>
		<onclick>Skin.Reset(PanelTexture.texture)</onclick>
		<onclick>Skin.Reset(PanelEmboss.texture)</onclick>
		<onclick>Skin.Reset(PanelSquare.texture)</onclick>
		<!-- Topbar theme -->
		<onclick>Skin.Reset(TopbarTexture.texture)</onclick>
		<!-- Background theme -->
		<onclick>Skin.Reset(BackgroundTexture.texture)</onclick>
		<onclick>Skin.Reset(BackgroundShadow)</onclick>
		<!-- Mainmenu theme -->
		<onclick>Skin.SetString(MainMenuStyle.texture,panels/mainmenu/nox4.png)</onclick>
		<onclick>Skin.Reset(MainMenuTexture.texture)</onclick>
		<onclick>Skin.Reset(MainMenuSystemBar.texture)</onclick>
		<onclick>Skin.Reset(MainMenuSubmenuBar.texture)</onclick>
		<onclick>Skin.Reset(MainMenuRSSBar.texture)</onclick>
		<!-- Panel colors -->
		<onclick>Skin.SetString(PanelStyle.color,ff6db9e5)</onclick>
		<onclick>Skin.Reset(PanelTexture.color)</onclick>
		<onclick>Skin.Reset(PanelEmboss.color)</onclick>
		<onclick>Skin.Reset(PanelShadow.color)</onclick>
		<onclick>Skin.Reset(PanelHighlight.color)</onclick>
		<onclick>Skin.Reset(PanelText.color)</onclick>
		<onclick>Skin.Reset(PanelSubText.color)</onclick>
		<onclick>Skin.Reset(PanelFocusText.color)</onclick>
		<onclick>Skin.Reset(PanelDisabledText.color)</onclick>
		<onclick>Skin.Reset(PanelListSeparator.color)</onclick>
		<!-- Main menu colors -->
		<onclick>Skin.SetString(MainMenuStyle.color,ff6db9e5)</onclick>
		<onclick>Skin.Reset(MainMenuTexture.color)</onclick>
		<onclick>Skin.Reset(MainMenuGradient.color)</onclick>
		<onclick>Skin.Reset(MainMenuWidget.color)</onclick>
		<!-- Background colors -->
		<onclick>Skin.Reset(BackgroundTexture.color)</onclick>
		<onclick>Skin.Reset(BackgroundShadow.color)</onclick>
		<!-- Topbar / Main menu bars colors -->
		<onclick>Skin.Reset(TopbarTexture.color)</onclick>
		<onclick>Skin.Reset(TopbarShadowTexture.color)</onclick>
		<!-- Floor colors -->
		<onclick>Skin.Reset(FloorStyle.color,ff404040)</onclick>
		<onclick>Skin.Reset(FloorHighlight.color)</onclick>
	</include>
	<include name="ThemeAuriga">
		<!-- Panel theme -->
		<onclick>Skin.SetString(Panel.texture,auriga)</onclick>
		<onclick>Skin.Reset(PanelTexture.texture)</onclick>
		<onclick>Skin.Reset(PanelEmboss.texture)</onclick>
		<onclick>Skin.Reset(PanelSquare.texture)</onclick>
		<!-- Topbar theme -->
		<onclick>Skin.Reset(TopbarTexture.texture)</onclick>
		<!-- Background theme -->
		<onclick>Skin.Reset(BackgroundTexture.texture)</onclick>
		<onclick>Skin.Reset(BackgroundShadow)</onclick>
		<!-- Mainmenu theme -->
		<onclick>Skin.SetString(MainMenuStyle.texture,panels/mainmenu/auriga.png)</onclick>
		<onclick>Skin.Reset(MainMenuTexture.texture)</onclick>
		<onclick>Skin.Reset(MainMenuSystemBar.texture)</onclick>
		<onclick>Skin.Reset(MainMenuSubmenuBar.texture)</onclick>
		<onclick>Skin.Reset(MainMenuRSSBar.texture)</onclick>
		<!-- Panel colors -->
		<onclick>Skin.Reset(PanelStyle.color)</onclick>
		<onclick>Skin.Reset(PanelTexture.color)</onclick>
		<onclick>Skin.Reset(PanelEmboss.color)</onclick>
		<onclick>Skin.Reset(PanelShadow.color)</onclick>
		<onclick>Skin.Reset(PanelHighlight.color)</onclick>
		<onclick>Skin.Reset(PanelText.color)</onclick>
		<onclick>Skin.Reset(PanelSubText.color)</onclick>
		<onclick>Skin.Reset(PanelFocusText.color)</onclick>
		<onclick>Skin.Reset(PanelDisabledText.color)</onclick>
		<onclick>Skin.SetString(PanelListSeparator.color,ffffffff)</onclick>
		<!-- Main menu colors -->
		<onclick>Skin.SetString(MainMenuStyle.color,ffffffff)</onclick>
		<onclick>Skin.Reset(MainMenuTexture.color)</onclick>
		<onclick>Skin.Reset(MainMenuGradient.color)</onclick>
		<onclick>Skin.Reset(MainMenuWidget.color)</onclick>
		<!-- Background colors -->
		<onclick>Skin.Reset(BackgroundTexture.color)</onclick>
		<onclick>Skin.Reset(BackgroundShadow.color)</onclick>
		<!-- Topbar / Main menu bars colors -->
		<onclick>Skin.SetString(TopbarTexture.color,cc000000)</onclick>
		<onclick>Skin.Reset(TopbarShadowTexture.color)</onclick>
		<!-- Floor colors -->
		<onclick>Skin.SetString(FloorStyle.color,ffffffff)</onclick>
		<onclick>Skin.Reset(FloorHighlight.color)</onclick>
	</include>
	<include name="ThemeDark">
		<!-- Panel theme -->
		<onclick>Skin.Reset(Panel.texture)</onclick>
		<onclick>Skin.Reset(PanelTexture.texture)</onclick>
		<onclick>Skin.Reset(PanelEmboss.texture)</onclick>
		<onclick>Skin.SetBool(PanelSquare.texture)</onclick>
		<!-- Topbar theme -->
		<onclick>Skin.SetString(TopbarTexture.texture,shadow)</onclick>
		<!-- Background theme -->
		<onclick>Skin.SetString(BackgroundTexture.texture,panels/patterns/wallpaper.png)</onclick>
		<onclick>Skin.SetBool(BackgroundShadow)</onclick>
		<!-- Mainmenu theme -->
		<onclick>Skin.SetString(MainMenuStyle.texture,panels/mainmenu/nox4.png)</onclick>
		<onclick>Skin.Reset(MainMenuTexture.texture)</onclick>
		<onclick>Skin.SetString(MainMenuSystemBar.texture,wide)</onclick>
		<onclick>Skin.SetString(MainMenuSubmenuBar.texture,wide)</onclick>
		<onclick>Skin.Reset(MainMenuRSSBar.texture)</onclick>
		<!-- Panel colors -->
		<onclick>Skin.SetString(PanelStyle.color,ff404040)</onclick>
		<onclick>Skin.SetString(PanelStyle.color.name,ff404040)</onclick>
		<onclick>Skin.SetString(PanelStyle.color.base,ff404040)</onclick>
		<onclick>Skin.Reset(PanelTexture.color)</onclick>
		<onclick>Skin.Reset(PanelEmboss.color)</onclick>
		<onclick>Skin.Reset(PanelShadow.color)</onclick>
		<onclick>Skin.Reset(PanelHighlight.color)</onclick>
		<onclick>Skin.Reset(PanelText.color)</onclick>
		<onclick>Skin.Reset(PanelSubText.color)</onclick>
		<onclick>Skin.Reset(PanelFocusText.color)</onclick>
		<onclick>Skin.Reset(PanelDisabledText.color)</onclick>
		<onclick>Skin.Reset(PanelListSeparator.color)</onclick>
		<!-- Main menu colors -->
		<onclick>Skin.SetString(MainMenuStyle.color,ff000000)</onclick>
		<onclick>Skin.Reset(MainMenuTexture.color)</onclick>
		<onclick>Skin.SetString(MainMenuGradient.color,cc000000)</onclick>
		<onclick>Skin.Reset(MainMenuWidget.color)</onclick>
		<!-- Background colors -->
		<onclick>Skin.Reset(BackgroundTexture.color)</onclick>
		<onclick>Skin.Reset(BackgroundShadow.color)</onclick>
		<!-- Topbar / Main menu bars colors -->
		<onclick>Skin.SetString(TopbarTexture.color,99000000)</onclick>
		<onclick>Skin.Reset(TopbarShadowTexture.color)</onclick>
		<!-- Floor colors -->
		<onclick>Skin.SetString(FloorStyle.color,ff000000)</onclick>
		<onclick>Skin.SetString(FloorHighlight.color,ff404040)</onclick>
	</include>
	<include name="ThemePurpleCarbon">
		<!-- Panel theme -->
		<onclick>Skin.SetString(Panel.texture,nox4)</onclick>
		<onclick>Skin.SetString(PanelTexture.texture,panels/patterns/carbon.png)</onclick>
		<onclick>Skin.SetBool(PanelSquare.texture)</onclick>
		<onclick>Skin.Reset(PanelEmboss.texture)</onclick>
		<!-- Topbar theme -->
		<onclick>Skin.Reset(TopbarTexture.texture)</onclick>
		<!-- Background theme -->
		<onclick>Skin.SetString(BackgroundTexture.texture,panels/patterns/wallpaper.png)</onclick>
		<onclick>Skin.Reset(BackgroundShadow)</onclick>
		<onclick>Skin.Reset(BackgroundEffect.texture)</onclick>
		<!-- Mainmenu theme -->
		<onclick>Skin.Reset(MainMenuStyle.texture)</onclick>
		<onclick>Skin.SetString(MainMenuTexture.texture,panels/mainmenu/carbon.png)</onclick>
		<onclick>Skin.SetString(MainMenuSystemBar.texture,wide)</onclick>
		<onclick>Skin.SetString(MainMenuSubmenuBar.texture,wide)</onclick>
		<onclick>Skin.Reset(MainMenuRSSBar.texture)</onclick>
		<!-- Panel colors -->
		<onclick>Skin.SetString(PanelStyle.color,ff7c50a4)</onclick>
		<onclick>Skin.Reset(PanelTexture.color)</onclick>
		<onclick>Skin.Reset(PanelEmboss.color)</onclick>
		<onclick>Skin.Reset(PanelShadow.color)</onclick>
		<onclick>Skin.SetString(PanelHighlight.color,ff2d8dbe)</onclick>
		<onclick>Skin.Reset(PanelText.color)</onclick>
		<onclick>Skin.Reset(PanelSubText.color)</onclick>
		<onclick>Skin.Reset(PanelFocusText.color)</onclick>
		<onclick>Skin.Reset(PanelDisabledText.color)</onclick>
		<onclick>Skin.SetString(PanelListSeparator.color,ff7c50a4)</onclick>
		<!-- Main menu colors -->
		<onclick>Skin.SetString(MainMenuStyle.color,ff7c50a4)</onclick>
		<onclick>Skin.Reset(MainMenuTexture.color)</onclick>
		<onclick>Skin.Reset(MainMenuGradient.color)</onclick>
		<onclick>Skin.Reset(MainMenuWidget.color)</onclick>
		<!-- Background colors -->
		<onclick>Skin.Reset(BackgroundTexture.color)</onclick>
		<onclick>Skin.Reset(BackgroundShadow.color)</onclick>
		<!-- Topbar / Main menu bars colors -->
		<onclick>Skin.SetString(TopbarTexture.color,99000000)</onclick>
		<onclick>Skin.Reset(TopbarShadowTexture.color)</onclick>
		<!-- Floor colors -->
		<onclick>Skin.SetString(FloorStyle.color,ff000000)</onclick>
		<onclick>Skin.SetString(FloorHighlight.color,ff404040)</onclick>
	</include>
	<include name="ThemeBlueWood">
		<!-- Panel theme -->
		<onclick>Skin.SetString(Panel.texture,auriga)</onclick>
		<onclick>Skin.SetString(PanelTexture.texture,panels/patterns/wood.png)</onclick>
		<onclick>Skin.SetBool(PanelSquare.texture)</onclick>
		<onclick>Skin.Reset(PanelEmboss.texture)</onclick>
		<!-- Topbar theme -->
		<onclick>Skin.Reset(TopbarTexture.texture)</onclick>
		<!-- Background theme -->
		<onclick>Skin.SetString(BackgroundTexture.texture,panels/patterns/wood.png)</onclick>
		<onclick>Skin.SetBool(BackgroundShadow)</onclick>
		<onclick>Skin.Reset(BackgroundEffect.texture)</onclick>
		<!-- Mainmenu theme -->
		<onclick>Skin.Reset(MainMenuStyle.texture)</onclick>
		<onclick>Skin.SetString(MainMenuTexture.texture,panels/mainmenu/wood.png)</onclick>
		<onclick>Skin.SetString(MainMenuSystemBar.texture,wide)</onclick>
		<onclick>Skin.SetString(MainMenuSubmenuBar.texture,wide)</onclick>
		<onclick>Skin.Reset(MainMenuRSSBar.texture)</onclick>
		<!-- Panel colors -->
		<onclick>Skin.SetString(PanelStyle.color,ff123b50)</onclick>
		<onclick>Skin.Reset(PanelTexture.color)</onclick>
		<onclick>Skin.Reset(PanelEmboss.color)</onclick>
		<onclick>Skin.Reset(PanelShadow.color)</onclick>
		<onclick>Skin.SetString(PanelHighlight.color,ff345da9)</onclick>
		<onclick>Skin.Reset(PanelText.color)</onclick>
		<onclick>Skin.Reset(PanelSubText.color)</onclick>
		<onclick>Skin.Reset(PanelFocusText.color)</onclick>
		<onclick>Skin.Reset(PanelDisabledText.color)</onclick>
		<onclick>Skin.Reset(PanelListSeparator.color,ff345da9)</onclick>
		<!-- Main menu colors -->
		<onclick>Skin.SetString(MainMenuStyle.color,ff123b50)</onclick>
		<onclick>Skin.Reset(MainMenuTexture.color)</onclick>
		<onclick>Skin.Reset(MainMenuGradient.color)</onclick>
		<onclick>Skin.Reset(MainMenuWidget.color)</onclick>
		<!-- Background colors -->
		<onclick>Skin.SetString(BackgroundTexture.color,c0ffffff)</onclick>
		<onclick>Skin.SetString(BackgroundShadow.color,a6123b50)</onclick>
		<!-- Topbar / Main menu bars colors -->
		<onclick>Skin.SetString(TopbarTexture.color,cc000000)</onclick>
		<onclick>Skin.Reset(TopbarShadowTexture.color)</onclick>
		<!-- Floor colors -->
		<onclick>Skin.SetString(FloorStyle.color,ff000000)</onclick>
		<onclick>Skin.SetString(FloorHighlight.color,ff123b50)</onclick>
	</include>
</includes>