<?xml version="1.0" encoding="utf-8"?>
<window>
	<defaultcontrol always="true">8000</defaultcontrol>
	<menucontrol>9050</menucontrol>
	<controls>
		<!-- Background -->
		<include content="BackgroundDefault">
			<param name="imagepath">$VAR[SystemBackgroundVar]</param>
			<param name="animatedfanart">Skin.HasSetting(SystemAnimatedFanart)</param>
		</include>
		<!-- Floor -->
		<include content="Floor">
			<param name="visible">Skin.HasSetting(SettingsHideFloor)</param>
			<param name="animationopen">$EXP[SystemAnimationOpenCondition]</param>
			<param name="animationclose">$EXP[SystemAnimationCloseCondition]</param>
		</include>
		<!-- Panel -->
		<control type="group">
			<include>AnimationZoomWindow</include>
			<include content="PanelSide">
				<param name="reflect">!Skin.HasSetting(SettingsHideReflect)</param>
			</include>
		</control>
		<!-- Content -->
		<control type="group">
			<include>AnimationZoomWindow</include>
			<!-- Left menu -->
			<control type="label">
				<label>$LOCALIZE[130]</label>
				<include>SettingsLeftLabel</include>
			</control>
			<control type="grouplist" id="8000">
				<top>200</top>
				<left>100</left>
				<width>324</width>
				<height>469</height>
				<onleft>9050</onleft>
				<onright>60</onright>
				<control type="button" id="95">
					<description>Button Summary Values</description>
					<label>$LOCALIZE[20037]</label>
					<include>SettingsLeftButton</include>
				</control>
				<control type="button" id="94">
					<description>Button Storage</description>
					<label>$LOCALIZE[13277]</label>
					<include>SettingsLeftButton</include>
				</control>
				<control type="button" id="96">
					<description>Button Network</description>
					<label>$LOCALIZE[13279]</label>
					<include>SettingsLeftButton</include>
				</control>
				<control type="button" id="97">
					<description>Button Video</description>
					<label>$LOCALIZE[13280]</label>
					<include>SettingsLeftButton</include>
				</control>
				<control type="button" id="98">
					<description>Button Hardware</description>
					<label>$LOCALIZE[13281]</label>
					<include>SettingsLeftButton</include>
				</control>
				<control type="button" id="99">
					<description>Button PVR</description>
					<label>$LOCALIZE[19191]</label>
					<include>SettingsLeftButton</include>
				</control>
				<control type="button" id="100">
					<description>Button Privacy policy</description>
					<label>$LOCALIZE[12389]</label>
					<include>SettingsLeftButton</include>
				</control>
			</control>
			<!-- Right menu -->
			<control type="grouplist">
				<top>132</top>
				<left>460</left>
				<width>1325</width>
				<height>67</height>
				<orientation>horizontal</orientation>
				<control type="label" id="52"> 	 <!-- Kodi build label -->
					<width>auto</width>
					<font>Font33_Bold_Caps</font>
					<textcolor>$VAR[PanelTextColorVar]</textcolor>
				</control>
				<control type="label">
					<width>auto</width>
					<font>Font33_Bold_Caps</font>
					<label> - </label> 	 <!-- Dash -->
					<textcolor>$VAR[PanelTextColorVar]</textcolor>
				</control>
				<control type="label" id="53"> 	 <!-- Kodi build date label -->
					<width>auto</width>
					<font>Font33_Bold_Caps</font>
					<textcolor>$VAR[PanelTextColorVar]</textcolor>
				</control>
			</control>

			<!-- This is not needed, not sure why it was added, leaving for now, delete pending -->
			<!-- <control type="grouplist">
				<top>195</top>
				<left>459</left>
				<width>1325</width>
				<height>67</height>
				<control type="label">
					<width>auto</width>
					<label>[COLOR $VAR[SettingsLabelSystemInfo]]Kodi $LOCALIZE[19114]:[/COLOR] $VAR[BuildVersionName]</label>
					<include>VideoOSDProcessInfo</include>
				</control>
			</control> -->

			<control type="grouplist" id="8000">
				<top>243</top>
				<left>425</left>				
				<width>1395</width>
				<height>615</height>
				<control type="label" id="2">
					<include>SettingsLabelSystemInfo</include>
				</control>
				<control type="label" id="3">
					<include>SettingsLabelSystemInfo</include>
				</control>
				<control type="label" id="4">
					<include>SettingsLabelSystemInfo</include>
				</control>
				<control type="label" id="5">
					<include>SettingsLabelSystemInfo</include>
				</control>
				<control type="label" id="6">
					<include>SettingsLabelSystemInfo</include>
				</control>
				<control type="label" id="7">
					<include>SettingsLabelSystemInfo</include>
				</control>
				<control type="label" id="8">
					<include>SettingsLabelSystemInfo</include>
				</control>
				<control type="label" id="9">
					<include>SettingsLabelSystemInfo</include>
				</control>
				<control type="label" id="10">
					<include>SettingsLabelSystemInfo</include>
				</control>
				<control type="label" id="11">
					<include>SettingsLabelSystemInfo</include>
				</control>
				<control type="label" id="12">
					<include>SettingsLabelSystemInfo</include>
				</control>
				<control type="label" id="13">
					<include>SettingsLabelSystemInfo</include>
				</control>				
			</control>
			<control type="textbox" id="30">
				<top>218</top>
				<left>460</left>
				<width>1325</width>
				<height>598</height>
				<font>Font32_Reg</font>
				<pagecontrol>60</pagecontrol>
				<textcolor>$VAR[PanelSubTextColorVar]</textcolor>
				<autoscroll delay="5000" repeat="7500" time="5000">!Control.HasFocus(60)</autoscroll>
				<include>ContainerScrollTime</include>
			</control>
			<control type="grouplist">
				<left>460</left>
				<bottom>122</bottom>
				<width>1325</width>
				<height>120</height>
				<itemgap>5</itemgap>
				<control type="label">
					<height>30</height>
					<font>Font29_Cond</font>
					<textcolor>$VAR[PanelTextColorVar]</textcolor>
					<label>$LOCALIZE[31022][COLOR $VAR[PanelSubTextColorVar]]$INFO[System.CPUUsage,  ][/COLOR]</label>
				</control>
				<control type="progress">
					<info>System.CPUUsage</info>
				</control>
				<control type="label">
					<height>30</height>
					<font>Font29_Cond</font>
					<textcolor>$VAR[PanelTextColorVar]</textcolor>
					<label>$LOCALIZE[31023][COLOR $VAR[PanelSubTextColorVar]]$INFO[system.memory(used.percent),  ][/COLOR]</label>
				</control>
				<control type="progress">
					<info>system.memory(used)</info>
				</control>
			</control>
			<control type="scrollbar" id="60">
				<top>222</top>
				<right>80</right>
				<bottom>264</bottom>
				<onleft>8000</onleft>
				<visible>Control.IsVisible(30)</visible>
			</control>
		</control>
		<!-- Topbar -->
		<include content="TopBar">
			<param name="visible">!Skin.HasSetting(SettingsHideTopBar)</param>
			<param name="icon">info.png</param>
			<param name="label">$LOCALIZE[13000] / $LOCALIZE[10007]</param>
			<param name="animationopen">$EXP[SystemAnimationOpenCondition]</param>
			<param name="animationclose">$EXP[SystemAnimationCloseCondition]</param>
		</include>
		<!-- Media Menu -->
		<include content="MediaMenu">
			<param name="contentvisible">true</param>
			<param name="commontopvisible">false</param>
			<param name="content">MediaMenuSystem</param>
			<param name="navigationid">8000</param>
		</include>
	</controls>
</window>